date,region,category,units,unit_price,revenue
2025-01-01,EMEA,Data Engineering,18,111.78,2011.97
2025-01-01,AMER,Analytics,2,90.25,180.5
2025-01-01,APAC,Data Engineering,1,160.21,160.21
2025-01-01,APAC,Data Engineering,3,134.7,404.09
2025-01-01,EMEA,AI,6,123.16,738.97
2025-01-01,AMER,AI,10,140.86,1408.59
2025-01-01,EMEA,AI,19,106.27,2019.16
2025-01-01,AMER,AI,7,64.75,453.24
2025-01-01,AMER,Data Engineering,4,81.98,327.91
2025-01-01,APAC,Analytics,9,114.39,1029.53
2025-01-01,APAC,Data Engineering,9,103.84,934.55
2025-01-01,AMER,AI,9,74.1,666.86
2025-01-01,EMEA,AI,5,124.4,622.02
2025-01-02,APAC,Data Engineering,14,151.83,2125.58
2025-01-02,AMER,AI,10,146.53,1465.32
2025-01-02,APAC,AI,3,116.65,349.95
2025-01-02,AMER,Data Engineering,4,83.25,332.99
2025-01-02,EMEA,Data Engineering,13,160.76,2089.94
2025-01-02,EMEA,Analytics,5,123.58,617.9
2025-01-02,EMEA,AI,17,180.01,3060.21
2025-01-02,EMEA,AI,3,122.24,366.71
2025-01-03,EMEA,Analytics,5,140.49,702.44
2025-01-03,APAC,AI,8,140.02,1120.14
2025-01-03,EMEA,AI,9,126.09,1134.85
2025-01-03,EMEA,AI,13,123.82,1609.63
2025-01-03,EMEA,AI,7,114.11,798.8
2025-01-03,APAC,Data Engineering,2,154.36,308.71
2025-01-03,AMER,Analytics,1,139.41,139.41
2025-01-03,AMER,AI,17,106.1,1803.78
2025-01-04,APAC,Data Engineering,17,140.68,2391.6
2025-01-04,EMEA,Data Engineering,19,112.49,2137.39
2025-01-04,EMEA,AI,4,107.16,428.64
2025-01-04,APAC,AI,1,116.38,116.38
2025-01-04,APAC,Data Engineering,13,86.58,1125.51
2025-01-04,APAC,AI,19,154.98,2944.69
2025-01-04,EMEA,Data Engineering,1,119.28,119.28
2025-01-04,EMEA,AI,15,151.56,2273.46
2025-01-04,EMEA,AI,15,137.5,2062.52
2025-01-04,AMER,AI,16,69.35,1109.66
2025-01-04,APAC,AI,19,110.87,2106.45
2025-01-05,EMEA,Analytics,10,187.34,1873.43
2025-01-05,AMER,AI,2,126.16,252.32
2025-01-05,EMEA,Data Engineering,7,114.71,802.95
2025-01-05,EMEA,Data Engineering,15,135.6,2033.96
2025-01-05,AMER,AI,18,117.62,2117.24
2025-01-05,EMEA,Data Engineering,15,127.8,1916.93
2025-01-05,AMER,Data Engineering,8,149.16,1193.3
2025-01-05,AMER,Analytics,17,102.27,1738.58
2025-01-05,EMEA,Data Engineering,10,60.07,600.68
2025-01-05,APAC,Analytics,4,56.14,224.57
2025-01-05,APAC,Analytics,4,67.62,270.47
2025-01-05,APAC,Data Engineering,17,143.37,2437.29
2025-01-06,APAC,Analytics,2,157.47,314.95
2025-01-06,AMER,Analytics,19,118.03,2242.49
2025-01-06,AMER,AI,18,90.75,1633.42
2025-01-06,AMER,AI,12,103.71,1244.56
2025-01-06,AMER,Data Engineering,8,101.22,809.74
2025-01-06,EMEA,Analytics,2,157.71,315.42
2025-01-06,APAC,AI,11,120.4,1324.4
2025-01-06,AMER,Data Engineering,16,110.2,1763.19
2025-01-06,APAC,Data Engineering,3,163.72,491.15
2025-01-06,EMEA,Analytics,7,111.0,777.02
2025-01-06,AMER,Analytics,4,169.62,678.49
2025-01-07,APAC,Data Engineering,16,130.12,2081.92
2025-01-07,AMER,Data Engineering,10,76.38,763.79
2025-01-07,EMEA,AI,8,67.17,537.36
2025-01-07,APAC,Data Engineering,9,119.3,1073.67
2025-01-07,EMEA,AI,2,133.64,267.29
2025-01-07,APAC,Data Engineering,8,115.71,925.7
2025-01-07,AMER,Data Engineering,18,160.07,2881.19
2025-01-07,AMER,Data Engineering,18,128.75,2317.51
2025-01-08,AMER,Data Engineering,10,104.76,1047.61
2025-01-08,APAC,Analytics,4,115.46,461.83
2025-01-08,APAC,Analytics,5,155.3,776.48
2025-01-08,AMER,Analytics,19,103.09,1958.76
2025-01-08,EMEA,Analytics,12,148.49,1781.83
2025-01-08,APAC,Data Engineering,2,136.26,272.51
2025-01-08,APAC,AI,18,144.94,2608.84
2025-01-08,EMEA,Data Engineering,9,165.45,1489.04
2025-01-08,EMEA,Analytics,4,145.85,583.41
2025-01-08,EMEA,Analytics,5,176.37,881.85
2025-01-08,AMER,Data Engineering,17,85.64,1455.96
2025-01-08,EMEA,AI,16,89.55,1432.79
2025-01-09,APAC,AI,3,70.69,212.06
2025-01-09,AMER,AI,17,127.78,2172.24
2025-01-09,APAC,Analytics,16,121.16,1938.5
2025-01-09,AMER,AI,4,74.6,298.38
2025-01-09,EMEA,AI,6,70.7,424.17
2025-01-09,EMEA,AI,13,118.16,1536.05
2025-01-09,AMER,Data Engineering,14,100.26,1403.62
2025-01-09,AMER,Analytics,14,93.4,1307.61
2025-01-09,EMEA,Data Engineering,3,130.68,392.05
2025-01-10,EMEA,AI,13,78.22,1016.81
2025-01-10,APAC,AI,18,117.32,2111.68
2025-01-10,APAC,Analytics,17,106.19,1805.3
2025-01-10,EMEA,AI,2,117.53,235.05
2025-01-10,AMER,Analytics,4,154.64,618.55
2025-01-10,EMEA,AI,8,53.99,431.9
2025-01-10,EMEA,AI,6,25.0,150.0
2025-01-10,APAC,Data Engineering,9,160.01,1440.06
2025-01-11,AMER,Data Engineering,12,91.78,1101.35
2025-01-11,APAC,Analytics,4,121.44,485.76
2025-01-11,AMER,AI,3,121.15,363.46
2025-01-11,EMEA,Analytics,15,126.47,1897.07
2025-01-11,AMER,Data Engineering,6,135.33,812.0
2025-01-11,EMEA,AI,17,81.87,1391.76
2025-01-11,APAC,Analytics,17,119.78,2036.25
2025-01-11,APAC,Data Engineering,9,163.81,1474.31
2025-01-11,APAC,Analytics,15,143.15,2147.27
2025-01-11,AMER,Data Engineering,7,127.51,892.58
2025-01-12,APAC,AI,18,87.69,1578.49
2025-01-12,AMER,Analytics,6,114.65,687.91
2025-01-12,APAC,Data Engineering,13,119.83,1557.83
2025-01-12,AMER,Data Engineering,4,103.34,413.37
2025-01-12,EMEA,AI,3,167.07,501.22
2025-01-12,AMER,AI,18,147.51,2655.1
2025-01-12,APAC,Data Engineering,12,126.46,1517.58
2025-01-12,EMEA,Analytics,4,113.89,455.57
2025-01-12,EMEA,Data Engineering,7,136.67,956.69
2025-01-12,AMER,Analytics,8,102.62,820.95
2025-01-13,APAC,AI,17,135.2,2298.41
2025-01-13,APAC,AI,19,86.73,1647.84
2025-01-13,EMEA,Data Engineering,8,146.21,1169.68
2025-01-13,APAC,Data Engineering,7,113.37,793.58
2025-01-13,EMEA,Analytics,15,72.21,1083.15
2025-01-13,APAC,Analytics,7,146.54,1025.76
2025-01-13,AMER,AI,18,137.31,2471.61
2025-01-13,AMER,Data Engineering,3,138.09,414.26
2025-01-13,APAC,AI,11,125.74,1383.17
2025-01-13,AMER,Data Engineering,17,133.83,2275.07
2025-01-14,AMER,Analytics,17,113.91,1936.53
2025-01-14,AMER,Analytics,9,129.57,1166.15
2025-01-14,APAC,Analytics,8,158.39,1267.12
2025-01-14,APAC,Analytics,9,152.44,1371.97
2025-01-14,AMER,Data Engineering,6,136.6,819.61
2025-01-14,AMER,AI,5,114.1,570.49
2025-01-14,AMER,Analytics,10,100.37,1003.75
2025-01-14,APAC,Data Engineering,10,164.37,1643.74
2025-01-14,APAC,Analytics,11,94.34,1037.73
2025-01-15,AMER,Analytics,4,113.84,455.36
2025-01-15,AMER,Analytics,11,128.9,1417.92
2025-01-15,AMER,AI,14,126.2,1766.77
2025-01-15,EMEA,Data Engineering,8,135.11,1080.85
2025-01-15,APAC,Data Engineering,8,121.67,973.39
2025-01-15,APAC,AI,3,131.64,394.92
2025-01-15,AMER,Data Engineering,5,145.64,728.2
2025-01-15,APAC,Data Engineering,4,115.5,462.01
2025-01-15,EMEA,AI,11,99.64,1096.02
2025-01-15,AMER,Data Engineering,6,187.73,1126.39
2025-01-15,AMER,Analytics,10,84.88,848.83
2025-01-15,APAC,Data Engineering,17,114.7,1949.84
2025-01-15,AMER,Data Engineering,19,85.47,1623.98
2025-01-16,APAC,Data Engineering,14,152.54,2135.6
2025-01-16,AMER,AI,6,135.44,812.61
2025-01-16,APAC,Data Engineering,15,109.83,1647.38
2025-01-16,APAC,Data Engineering,12,76.68,920.21
2025-01-16,AMER,Data Engineering,12,126.49,1517.91
2025-01-16,APAC,Analytics,2,68.01,136.01
2025-01-16,EMEA,AI,9,131.76,1185.87
2025-01-16,AMER,AI,16,150.88,2414.01
2025-01-16,AMER,AI,16,92.08,1473.23
2025-01-16,AMER,Analytics,8,133.91,1071.32
2025-01-16,APAC,Data Engineering,14,137.94,1931.17
2025-01-16,EMEA,AI,4,108.49,433.96
2025-01-17,AMER,Analytics,2,196.11,392.22
2025-01-17,AMER,Analytics,13,100.58,1307.56
2025-01-17,AMER,AI,8,69.86,558.88
2025-01-17,EMEA,AI,18,82.45,1484.06
2025-01-17,AMER,Data Engineering,11,130.12,1431.29
2025-01-17,APAC,Data Engineering,12,106.23,1274.74
2025-01-17,APAC,Analytics,12,103.92,1246.99
2025-01-17,AMER,Analytics,16,89.19,1427.09
2025-01-17,EMEA,Analytics,4,118.55,474.22
2025-01-17,EMEA,Analytics,15,120.11,1801.58
2025-01-17,EMEA,Data Engineering,14,90.69,1269.6
2025-01-18,AMER,Analytics,9,164.95,1484.54
2025-01-18,APAC,Data Engineering,7,113.18,792.27
2025-01-18,AMER,AI,8,137.63,1101.04
2025-01-18,APAC,AI,4,118.58,474.33
2025-01-18,AMER,AI,9,116.94,1052.44
2025-01-18,AMER,AI,2,92.81,185.62
2025-01-18,EMEA,Data Engineering,8,68.34,546.75
2025-01-18,APAC,Data Engineering,19,65.81,1250.38
2025-01-18,EMEA,Data Engineering,1,122.53,122.53
2025-01-18,AMER,Data Engineering,6,87.36,524.15
2025-01-19,AMER,AI,15,131.38,1970.74
2025-01-19,AMER,AI,8,98.35,786.84
2025-01-19,EMEA,Analytics,13,132.98,1728.78
2025-01-19,APAC,AI,19,71.48,1358.15
2025-01-19,APAC,AI,18,175.84,3165.05
2025-01-19,EMEA,Data Engineering,19,127.32,2419.04
2025-01-19,AMER,AI,7,121.49,850.43
2025-01-19,APAC,Analytics,10,88.83,888.32
2025-01-19,APAC,Analytics,5,82.05,410.23
2025-01-19,AMER,AI,10,79.96,799.59
2025-01-19,AMER,AI,6,91.16,546.96
2025-01-20,APAC,AI,16,161.73,2587.74
2025-01-20,AMER,Data Engineering,8,135.8,1086.39
2025-01-20,APAC,Analytics,11,87.66,964.29
2025-01-20,APAC,Data Engineering,15,74.81,1122.17
2025-01-20,APAC,Data Engineering,12,144.62,1735.41
2025-01-20,AMER,Analytics,2,93.89,187.79
2025-01-20,EMEA,Analytics,7,119.07,833.51
2025-01-20,EMEA,Analytics,13,117.19,1523.42
2025-01-20,APAC,AI,4,118.84,475.36
2025-01-20,EMEA,Analytics,4,176.0,704.01
2025-01-20,EMEA,Analytics,17,118.05,2006.86
2025-01-20,APAC,AI,2,97.73,195.45
2025-01-21,AMER,AI,14,138.18,1934.56
2025-01-21,APAC,Analytics,1,114.51,114.51
2025-01-21,APAC,AI,10,91.56,915.61
2025-01-21,APAC,AI,12,127.02,1524.2
2025-01-21,EMEA,AI,15,79.13,1186.96
2025-01-21,APAC,Analytics,18,101.51,1827.1
2025-01-21,EMEA,Analytics,3,57.74,173.23
2025-01-21,APAC,AI,10,115.26,1152.59
2025-01-21,APAC,AI,4,108.79,435.17
2025-01-21,AMER,Data Engineering,5,103.42,517.11
2025-01-21,APAC,AI,4,83.88,335.5
2025-01-21,AMER,Analytics,3,132.81,398.44
2025-01-21,EMEA,Analytics,6,106.82,640.94
2025-01-22,APAC,AI,12,133.81,1605.76
2025-01-22,AMER,AI,9,131.5,1183.49
2025-01-22,AMER,AI,18,112.22,2019.89
2025-01-22,EMEA,Data Engineering,7,126.2,883.41
2025-01-22,APAC,Data Engineering,12,136.14,1633.64
2025-01-22,AMER,Analytics,2,127.02,254.03
2025-01-22,AMER,Analytics,3,148.28,444.83
2025-01-22,APAC,Analytics,17,131.32,2232.38
2025-01-22,AMER,Data Engineering,19,81.11,1541.03
2025-01-22,AMER,AI,16,108.87,1741.99
2025-01-22,AMER,Analytics,19,172.44,3276.34
2025-01-23,EMEA,AI,10,112.75,1127.54
2025-01-23,EMEA,Data Engineering,5,132.76,663.8
2025-01-23,AMER,Data Engineering,17,123.31,2096.22
2025-01-23,APAC,AI,11,118.32,1301.49
2025-01-23,APAC,AI,4,137.52,550.1
2025-01-23,AMER,AI,11,110.72,1217.9
2025-01-23,AMER,AI,18,89.92,1618.6
2025-01-23,EMEA,Data Engineering,4,118.35,473.38
2025-01-23,EMEA,Analytics,15,69.07,1036.04
2025-01-23,APAC,Analytics,2,94.07,188.15
2025-01-23,AMER,Data Engineering,5,109.95,549.77
2025-01-23,AMER,Data Engineering,15,101.97,1529.57
2025-01-24,EMEA,Analytics,6,37.19,223.12
2025-01-24,AMER,Data Engineering,10,136.3,1362.96
2025-01-24,EMEA,AI,3,154.05,462.15
2025-01-24,AMER,Analytics,6,129.06,774.36
2025-01-24,AMER,AI,18,118.79,2138.3
2025-01-24,APAC,AI,9,178.72,1608.51
2025-01-24,AMER,Analytics,14,125.95,1763.36
2025-01-24,AMER,Analytics,15,119.09,1786.36
2025-01-24,EMEA,Data Engineering,4,114.42,457.68
2025-01-25,APAC,Analytics,7,151.36,1059.5
2025-01-25,AMER,Analytics,4,92.55,370.19
2025-01-25,EMEA,Analytics,17,74.33,1263.56
2025-01-25,EMEA,AI,9,134.82,1213.37
2025-01-25,EMEA,Analytics,10,150.87,1508.68
2025-01-25,APAC,AI,6,152.89,917.36
2025-01-25,AMER,Analytics,16,126.14,2018.24
2025-01-25,EMEA,AI,15,140.26,2103.95
2025-01-25,EMEA,Analytics,2,122.19,244.37
2025-01-25,EMEA,AI,2,147.47,294.95
2025-01-25,AMER,Data Engineering,7,156.34,1094.36
2025-01-25,APAC,AI,17,179.97,3059.49
2025-01-26,APAC,AI,10,166.0,1660.04
2025-01-26,EMEA,Data Engineering,15,123.51,1852.59
2025-01-26,APAC,Analytics,16,95.13,1522.01
2025-01-26,AMER,AI,15,139.96,2099.44
2025-01-26,AMER,AI,1,115.76,115.76
2025-01-26,APAC,Analytics,4,109.95,439.81
2025-01-26,APAC,Analytics,19,93.3,1772.67
2025-01-26,EMEA,AI,15,153.95,2309.3
2025-01-27,AMER,Data Engineering,15,109.43,1641.43
2025-01-27,EMEA,Data Engineering,11,141.02,1551.17
2025-01-27,EMEA,AI,15,108.66,1629.85
2025-01-27,EMEA,AI,12,148.67,1784.04
2025-01-27,EMEA,Analytics,16,181.72,2907.57
2025-01-27,EMEA,Analytics,8,109.01,872.06
2025-01-27,AMER,AI,14,140.14,1961.96
2025-01-27,EMEA,Analytics,11,177.73,1954.99
2025-01-27,AMER,Data Engineering,13,140.53,1826.87
2025-01-28,EMEA,Analytics,14,139.13,1947.84
2025-01-28,APAC,Analytics,18,133.02,2394.31
2025-01-28,EMEA,Analytics,14,69.29,970.0
2025-01-28,APAC,AI,18,97.76,1759.65
2025-01-28,AMER,Analytics,3,109.75,329.26
2025-01-28,EMEA,AI,15,156.51,2347.63
2025-01-28,AMER,Analytics,17,179.4,3049.72
2025-01-28,EMEA,Data Engineering,15,65.93,988.9
2025-01-28,EMEA,Data Engineering,5,104.94,524.72
2025-01-28,APAC,Analytics,1,59.93,59.93
2025-01-28,EMEA,Analytics,10,128.92,1289.21
2025-01-28,EMEA,Analytics,10,110.59,1105.91
2025-01-28,EMEA,Analytics,4,101.63,406.5
2025-01-29,AMER,Analytics,19,175.37,3331.95
2025-01-29,APAC,Analytics,7,159.65,1117.58
2025-01-29,AMER,Analytics,8,163.28,1306.26
2025-01-29,APAC,Data Engineering,15,117.93,1769.01
2025-01-29,APAC,AI,9,106.94,962.49
2025-01-29,AMER,Analytics,17,87.46,1486.85
2025-01-29,EMEA,Analytics,2,117.91,235.82
2025-01-29,AMER,AI,3,135.97,407.91
2025-01-29,APAC,AI,16,113.79,1820.56
2025-01-30,EMEA,Data Engineering,16,123.66,1978.54
2025-01-30,EMEA,AI,19,99.67,1893.67
2025-01-30,APAC,Analytics,4,164.71,658.84
2025-01-30,AMER,Data Engineering,2,99.9,199.79
2025-01-30,APAC,Data Engineering,18,138.19,2487.39
2025-01-30,APAC,AI,12,72.78,873.35
2025-01-30,EMEA,AI,18,100.03,1800.56
2025-01-30,EMEA,AI,15,92.4,1385.94
2025-01-30,EMEA,Data Engineering,12,75.07,900.8
2025-01-30,APAC,AI,8,131.15,1049.17
2025-01-30,AMER,Data Engineering,2,114.01,228.02
2025-01-30,AMER,Analytics,9,97.32,875.85
2025-01-30,EMEA,Data Engineering,13,133.06,1729.79
2025-01-31,EMEA,AI,15,118.45,1776.68
2025-01-31,EMEA,Analytics,9,140.91,1268.17
2025-01-31,APAC,AI,3,123.17,369.51
2025-01-31,EMEA,Analytics,2,121.14,242.28
2025-01-31,APAC,AI,9,131.76,1185.86
2025-01-31,AMER,AI,5,76.3,381.5
2025-01-31,EMEA,Analytics,9,126.23,1136.04
2025-01-31,APAC,Data Engineering,8,169.02,1352.19
2025-01-31,APAC,AI,15,68.73,1031.0
2025-01-31,APAC,Data Engineering,14,117.31,1642.34
2025-02-01,APAC,AI,13,100.76,1309.94
2025-02-01,AMER,AI,18,118.84,2139.21
2025-02-01,EMEA,AI,7,197.15,1380.05
2025-02-01,AMER,AI,15,94.8,1422.07
2025-02-01,APAC,Analytics,2,85.56,171.11
2025-02-01,APAC,Analytics,14,90.64,1268.96
2025-02-01,APAC,Analytics,19,105.73,2008.89
2025-02-01,EMEA,AI,1,107.61,107.61
2025-02-01,AMER,Data Engineering,1,114.43,114.43
2025-02-02,EMEA,Analytics,14,143.95,2015.34
2025-02-02,EMEA,Analytics,18,93.38,1680.82
2025-02-02,APAC,Data Engineering,11,102.63,1128.95
2025-02-02,AMER,Analytics,16,163.45,2615.21
2025-02-02,APAC,AI,1,154.78,154.78
2025-02-02,AMER,AI,18,101.95,1835.19
2025-02-02,APAC,Data Engineering,1,194.59,194.59
2025-02-02,EMEA,Data Engineering,13,117.46,1526.92
2025-02-02,AMER,Data Engineering,2,156.31,312.63
2025-02-02,EMEA,Analytics,16,111.61,1785.77
2025-02-02,APAC,Analytics,3,123.29,369.86
2025-02-02,APAC,Analytics,5,144.39,721.94
2025-02-02,APAC,AI,7,146.04,1022.26
2025-02-03,APAC,AI,16,127.61,2041.71
2025-02-03,APAC,AI,13,92.18,1198.4
2025-02-03,EMEA,Data Engineering,5,133.81,669.03
2025-02-03,AMER,Data Engineering,15,129.22,1938.29
2025-02-03,AMER,AI,10,123.61,1236.14
2025-02-03,APAC,Data Engineering,6,119.37,716.2
2025-02-03,APAC,AI,14,90.99,1273.85
2025-02-03,AMER,Data Engineering,6,87.9,527.42
2025-02-03,EMEA,Data Engineering,1,88.2,88.2
2025-02-04,AMER,Data Engineering,5,180.67,903.34
2025-02-04,AMER,AI,18,123.63,2225.34
2025-02-04,APAC,AI,1,166.43,166.43
2025-02-04,AMER,Analytics,5,118.53,592.65
2025-02-04,AMER,AI,17,125.62,2135.49
2025-02-04,AMER,Analytics,16,142.08,2273.26
2025-02-04,APAC,AI,10,134.64,1346.41
2025-02-04,APAC,Analytics,8,147.0,1176.01
2025-02-04,AMER,Data Engineering,2,124.45,248.89
2025-02-05,EMEA,AI,9,106.29,956.58
2025-02-05,EMEA,Data Engineering,5,129.24,646.21
2025-02-05,APAC,Analytics,8,155.67,1245.38
2025-02-05,AMER,AI,19,100.82,1915.63
2025-02-05,AMER,Analytics,4,157.8,631.21
2025-02-05,EMEA,Analytics,9,109.24,983.14
2025-02-05,AMER,Analytics,9,155.76,1401.86
2025-02-05,EMEA,AI,5,141.42,707.11
2025-02-06,APAC,AI,7,119.04,833.31
2025-02-06,APAC,Data Engineering,1,105.24,105.24
2025-02-06,AMER,AI,17,103.04,1751.6
2025-02-06,EMEA,Data Engineering,13,153.4,1994.2
2025-02-06,EMEA,Data Engineering,5,156.05,780.27
2025-02-06,AMER,Data Engineering,9,188.13,1693.14
2025-02-06,AMER,Analytics,12,110.46,1325.47
2025-02-06,AMER,Data Engineering,14,171.01,2394.18
2025-02-07,EMEA,Analytics,18,139.93,2518.73
2025-02-07,APAC,Data Engineering,14,117.87,1650.24
2025-02-07,EMEA,Data Engineering,7,139.59,977.13
2025-02-07,EMEA,Analytics,9,52.22,469.94
2025-02-07,EMEA,AI,13,88.98,1156.72
2025-02-07,EMEA,Data Engineering,3,93.34,280.01
2025-02-07,AMER,Data Engineering,4,92.66,370.64
2025-02-07,EMEA,Analytics,12,119.2,1430.39
2025-02-07,AMER,Analytics,12,115.35,1384.16
2025-02-07,EMEA,Analytics,1,151.44,151.44
2025-02-07,EMEA,AI,3,117.2,351.6
2025-02-08,AMER,Data Engineering,18,109.76,1975.63
2025-02-08,AMER,Analytics,6,122.48,734.9
2025-02-08,APAC,Data Engineering,4,150.84,603.36
2025-02-08,APAC,AI,3,95.24,285.71
2025-02-08,EMEA,Data Engineering,13,131.75,1712.72
2025-02-08,AMER,AI,18,131.13,2360.36
2025-02-08,EMEA,Data Engineering,5,148.77,743.87
2025-02-08,EMEA,Analytics,12,133.08,1597.0
2025-02-09,AMER,AI,6,111.41,668.48
2025-02-09,AMER,Data Engineering,2,113.24,226.47
2025-02-09,APAC,Data Engineering,6,98.22,589.31
2025-02-09,APAC,AI,19,113.42,2155.0
2025-02-09,AMER,Analytics,7,67.54,472.79
2025-02-09,APAC,AI,9,58.75,528.73
2025-02-09,APAC,Analytics,11,88.3,971.33
2025-02-09,APAC,AI,16,78.85,1261.62
2025-02-09,EMEA,Analytics,4,118.21,472.82
2025-02-09,EMEA,Analytics,9,172.69,1554.18
2025-02-09,EMEA,AI,16,90.8,1452.78
2025-02-09,EMEA,Data Engineering,11,112.62,1238.8
2025-02-09,EMEA,Data Engineering,16,172.23,2755.61
2025-02-10,EMEA,Data Engineering,15,146.44,2196.67
2025-02-10,EMEA,Data Engineering,15,96.23,1443.52
2025-02-10,AMER,AI,11,123.57,1359.25
2025-02-10,AMER,AI,17,154.35,2623.97
2025-02-10,APAC,AI,18,107.86,1941.45
2025-02-10,APAC,Data Engineering,7,95.36,667.49
2025-02-10,AMER,AI,12,145.94,1751.27
2025-02-10,AMER,Analytics,1,86.47,86.47
2025-02-10,EMEA,AI,8,53.08,424.67
2025-02-11,APAC,Analytics,3,134.44,403.32
2025-02-11,EMEA,AI,7,155.19,1086.33
2025-02-11,AMER,AI,4,154.74,618.94
2025-02-11,AMER,Data Engineering,7,91.4,639.81
2025-02-11,EMEA,Analytics,16,164.12,2625.95
2025-02-11,EMEA,AI,3,86.8,260.39
2025-02-11,AMER,AI,6,124.98,749.9
2025-02-11,APAC,Data Engineering,6,113.59,681.55
2025-02-12,APAC,Analytics,3,120.0,359.99
2025-02-12,EMEA,AI,4,126.62,506.49
2025-02-12,APAC,Analytics,6,100.77,604.63
2025-02-12,AMER,Data Engineering,3,99.59,298.78
2025-02-12,AMER,Data Engineering,12,189.28,2271.3
2025-02-12,APAC,AI,1,195.27,195.27
2025-02-12,AMER,Analytics,17,84.42,1435.07
2025-02-12,EMEA,Data Engineering,15,103.76,1556.46
2025-02-12,AMER,AI,2,103.48,206.96
2025-02-12,AMER,Analytics,6,106.77,640.59
2025-02-12,APAC,AI,12,118.51,1422.15
2025-02-12,APAC,Data Engineering,18,151.25,2722.58
2025-02-12,APAC,AI,7,135.14,945.99
2025-02-13,EMEA,AI,10,116.18,1161.8
2025-02-13,APAC,AI,15,87.47,1312.09
2025-02-13,APAC,Analytics,9,121.02,1089.2
2025-02-13,AMER,AI,11,99.69,1096.59
2025-02-13,APAC,AI,8,98.46,787.72
2025-02-13,EMEA,AI,3,51.82,155.47
2025-02-13,AMER,AI,8,59.74,477.95
2025-02-13,AMER,Data Engineering,4,139.43,557.73
2025-02-13,AMER,Data Engineering,16,97.13,1554.12
2025-02-14,AMER,AI,6,120.12,720.74
2025-02-14,AMER,Analytics,7,158.9,1112.28
2025-02-14,AMER,AI,10,130.64,1306.41
2025-02-14,APAC,Data Engineering,6,88.24,529.43
2025-02-14,APAC,Data Engineering,17,91.58,1556.92
2025-02-14,APAC,Analytics,6,190.23,1141.39
2025-02-14,AMER,AI,3,75.69,227.06
2025-02-14,AMER,Analytics,17,115.07,1956.21
2025-02-15,EMEA,Data Engineering,11,105.29,1158.14
2025-02-15,AMER,AI,10,70.78,707.79
2025-02-15,AMER,Data Engineering,19,121.37,2306.02
2025-02-15,APAC,AI,18,108.82,1958.71
2025-02-15,AMER,Analytics,18,102.2,1839.57
2025-02-15,EMEA,Analytics,18,65.45,1178.05
2025-02-15,APAC,Analytics,14,54.36,760.98
2025-02-15,APAC,Analytics,6,126.58,759.46
2025-02-15,EMEA,Data Engineering,17,118.17,2008.85
2025-02-15,AMER,AI,1,117.54,117.54
2025-02-16,AMER,AI,15,94.35,1415.2
2025-02-16,EMEA,Data Engineering,14,139.22,1949.11
2025-02-16,AMER,AI,14,105.11,1471.51
2025-02-16,AMER,Data Engineering,19,154.1,2927.88
2025-02-16,EMEA,AI,14,115.63,1618.81
2025-02-16,AMER,AI,16,79.0,1264.07
2025-02-16,AMER,Analytics,10,104.08,1040.83
2025-02-16,AMER,Analytics,8,102.66,821.28
2025-02-16,AMER,Analytics,7,93.28,652.99
2025-02-16,AMER,Analytics,2,149.7,299.4
2025-02-16,AMER,Analytics,1,114.32,114.32
2025-02-16,APAC,AI,7,112.57,788.01
2025-02-16,AMER,Data Engineering,2,172.55,345.1
2025-02-17,EMEA,Analytics,14,94.17,1318.44
2025-02-17,AMER,AI,14,159.16,2228.21
2025-02-17,APAC,Analytics,18,74.39,1339.11
2025-02-17,AMER,AI,12,109.2,1310.45
2025-02-17,APAC,Data Engineering,4,109.88,439.51
2025-02-17,EMEA,AI,14,155.47,2176.53
2025-02-17,AMER,AI,14,155.56,2177.87
2025-02-17,AMER,Analytics,6,74.07,444.44
2025-02-17,AMER,AI,1,129.42,129.42
2025-02-18,APAC,AI,9,109.19,982.74
2025-02-18,EMEA,AI,8,139.98,1119.84
2025-02-18,AMER,AI,8,147.8,1182.41
2025-02-18,EMEA,AI,12,46.27,555.24
2025-02-18,EMEA,Analytics,10,106.3,1063.03
2025-02-18,APAC,Analytics,18,155.77,2803.79
2025-02-18,APAC,AI,6,85.96,515.73
2025-02-18,EMEA,Data Engineering,3,83.01,249.03
2025-02-19,APAC,Data Engineering,17,98.85,1680.42
2025-02-19,EMEA,AI,9,105.38,948.42
2025-02-19,AMER,Data Engineering,15,143.12,2146.85
2025-02-19,APAC,Data Engineering,13,129.92,1688.94
2025-02-19,APAC,AI,8,98.74,789.95
2025-02-19,AMER,Data Engineering,14,118.43,1658.01
2025-02-19,EMEA,AI,6,146.82,880.92
2025-02-19,AMER,Data Engineering,2,129.86,259.72
2025-02-19,APAC,Data Engineering,7,135.29,947.03
2025-02-19,EMEA,Analytics,13,161.94,2105.24
2025-02-20,EMEA,Data Engineering,11,165.5,1820.53
2025-02-20,APAC,AI,10,84.62,846.22
2025-02-20,APAC,Analytics,9,167.75,1509.73
2025-02-20,EMEA,AI,5,137.57,687.86
2025-02-20,APAC,Data Engineering,12,150.09,1801.11
2025-02-20,EMEA,Data Engineering,1,122.56,122.56
2025-02-20,APAC,AI,5,104.08,520.39
2025-02-20,EMEA,AI,8,68.94,551.49
2025-02-20,APAC,Analytics,11,92.79,1020.71
2025-02-21,EMEA,Analytics,13,118.27,1537.53
2025-02-21,APAC,Data Engineering,7,153.21,1072.47
2025-02-21,EMEA,Analytics,9,138.67,1248.05
2025-02-21,EMEA,Analytics,2,97.32,194.64
2025-02-21,EMEA,Analytics,8,166.62,1332.95
2025-02-21,AMER,AI,16,77.62,1241.91
2025-02-21,AMER,Analytics,2,174.21,348.42
2025-02-21,EMEA,Analytics,5,71.43,357.14
2025-02-22,APAC,AI,10,141.51,1415.13
2025-02-22,EMEA,Analytics,7,136.26,953.84
2025-02-22,EMEA,Data Engineering,7,82.96,580.74
2025-02-22,AMER,Data Engineering,16,128.37,2053.85
2025-02-22,APAC,AI,8,131.61,1052.84
2025-02-22,EMEA,AI,16,81.32,1301.1
2025-02-22,AMER,Analytics,18,80.77,1453.8
2025-02-22,APAC,Analytics,19,105.3,2000.63
2025-02-22,APAC,Data Engineering,14,70.95,993.24
2025-02-22,AMER,Data Engineering,13,132.24,1719.11
2025-02-22,EMEA,AI,15,99.61,1494.18
2025-02-22,EMEA,Data Engineering,6,113.5,680.98
2025-02-22,AMER,Analytics,4,109.85,439.39
2025-02-23,AMER,Data Engineering,3,130.07,390.21
2025-02-23,APAC,AI,13,78.85,1025.04
2025-02-23,EMEA,Analytics,4,137.32,549.27
2025-02-23,EMEA,Data Engineering,4,138.67,554.67
2025-02-23,APAC,AI,14,110.64,1548.93
2025-02-23,APAC,AI,16,102.81,1644.92
2025-02-23,AMER,Data Engineering,2,142.56,285.13
2025-02-23,EMEA,Data Engineering,16,54.28,868.42
2025-02-23,APAC,Data Engineering,9,148.71,1338.38
2025-02-23,AMER,AI,6,149.49,896.94
2025-02-23,APAC,AI,13,138.8,1804.36
2025-02-23,EMEA,Data Engineering,3,44.32,132.96
2025-02-24,EMEA,Data Engineering,9,174.54,1570.88
2025-02-24,EMEA,Data Engineering,7,167.7,1173.87
2025-02-24,AMER,AI,5,119.36,596.82
2025-02-24,EMEA,Analytics,1,53.92,53.92
2025-02-24,EMEA,Data Engineering,2,122.76,245.52
2025-02-24,AMER,Data Engineering,14,116.73,1634.22
2025-02-24,EMEA,AI,9,158.93,1430.36
2025-02-24,EMEA,AI,15,96.61,1449.13
2025-02-24,APAC,Analytics,6,147.31,883.84
2025-02-24,EMEA,AI,8,80.37,643.0
2025-02-24,APAC,AI,3,168.98,506.93
2025-02-24,AMER,Data Engineering,12,93.08,1116.96
2025-02-25,AMER,Analytics,9,163.64,1472.78
2025-02-25,APAC,AI,7,134.49,941.44
2025-02-25,APAC,Data Engineering,11,168.88,1857.71
2025-02-25,EMEA,Analytics,14,109.97,1539.58
2025-02-25,AMER,AI,18,128.39,2311.04
2025-02-25,APAC,Data Engineering,18,102.62,1847.07
2025-02-25,AMER,Analytics,16,106.74,1707.9
2025-02-25,APAC,Analytics,9,115.66,1040.94
2025-02-25,APAC,Data Engineering,14,133.6,1870.36
2025-02-25,APAC,Data Engineering,10,95.6,956.02
2025-02-25,APAC,AI,5,171.19,855.95
2025-02-26,EMEA,Data Engineering,9,163.95,1475.55
2025-02-26,APAC,AI,5,164.98,824.9
2025-02-26,EMEA,Analytics,12,199.52,2394.29
2025-02-26,APAC,AI,15,89.04,1335.65
2025-02-26,APAC,Data Engineering,5,123.07,615.33
2025-02-26,APAC,AI,9,99.56,896.0
2025-02-26,APAC,AI,1,155.98,155.98
2025-02-26,AMER,Data Engineering,6,190.48,1142.86
2025-02-26,EMEA,Data Engineering,11,62.51,687.62
2025-02-26,EMEA,Data Engineering,2,159.86,319.71
2025-02-26,APAC,Analytics,15,118.15,1772.2
2025-02-26,APAC,Data Engineering,19,109.55,2081.5
2025-02-27,APAC,Analytics,6,142.61,855.65
2025-02-27,APAC,Data Engineering,7,92.79,649.51
2025-02-27,EMEA,Data Engineering,7,117.0,819.0
2025-02-27,EMEA,Data Engineering,6,145.29,871.73
2025-02-27,EMEA,Data Engineering,1,114.84,114.84
2025-02-27,EMEA,Data Engineering,17,165.28,2809.79
2025-02-27,EMEA,Data Engineering,2,89.9,179.8
2025-02-27,APAC,Data Engineering,11,142.31,1565.43
2025-02-27,EMEA,Data Engineering,8,114.08,912.61
2025-02-27,APAC,Data Engineering,10,135.21,1352.1
2025-02-27,EMEA,Data Engineering,19,143.91,2734.22
2025-02-27,APAC,Data Engineering,13,141.51,1839.69
2025-02-27,EMEA,Data Engineering,5,83.29,416.47
2025-02-28,APAC,Data Engineering,4,132.63,530.54
2025-02-28,EMEA,Analytics,7,99.89,699.24
2025-02-28,EMEA,AI,1,93.36,93.36
2025-02-28,EMEA,Data Engineering,5,115.61,578.06
2025-02-28,EMEA,Data Engineering,6,133.89,803.35
2025-02-28,AMER,Analytics,18,155.51,2799.11
2025-02-28,AMER,AI,7,109.0,763.03
2025-02-28,APAC,Data Engineering,16,132.64,2122.29
2025-02-28,APAC,Analytics,17,142.78,2427.23
2025-02-28,EMEA,Data Engineering,16,150.59,2409.45
2025-02-28,EMEA,Analytics,9,116.57,1049.11
2025-02-28,EMEA,AI,12,125.01,1500.15
2025-03-01,AMER,Data Engineering,5,107.12,535.61
2025-03-01,APAC,AI,8,106.3,850.38
2025-03-01,EMEA,Data Engineering,12,146.91,1762.9
2025-03-01,AMER,Analytics,14,140.63,1968.78
2025-03-01,AMER,Analytics,3,119.82,359.45
2025-03-01,EMEA,AI,16,106.3,1700.74
2025-03-01,APAC,Analytics,8,87.3,698.41
2025-03-01,APAC,AI,14,123.58,1730.06
2025-03-01,APAC,Analytics,2,92.79,185.58
2025-03-01,AMER,Analytics,12,157.92,1895.09
2025-03-02,APAC,Analytics,17,121.5,2065.57
2025-03-02,EMEA,AI,17,179.58,3052.8
2025-03-02,APAC,AI,8,176.35,1410.79
2025-03-02,EMEA,Analytics,15,142.4,2136.07
2025-03-02,EMEA,Analytics,6,115.77,694.62
2025-03-02,APAC,Analytics,14,68.38,957.31
2025-03-02,EMEA,Data Engineering,10,144.64,1446.42
2025-03-02,APAC,Data Engineering,15,157.58,2363.67
2025-03-02,EMEA,Analytics,14,120.64,1688.9
2025-03-02,EMEA,Data Engineering,17,109.07,1854.13
2025-03-02,AMER,Data Engineering,14,132.58,1856.13
2025-03-03,AMER,AI,5,114.91,574.56
2025-03-03,EMEA,Analytics,8,111.27,890.15
2025-03-03,EMEA,AI,13,69.27,900.47
2025-03-03,AMER,Data Engineering,7,123.14,862.01
2025-03-03,APAC,Analytics,16,139.51,2232.11
2025-03-03,AMER,Analytics,19,160.25,3044.75
2025-03-03,APAC,AI,4,104.25,417.0
2025-03-03,AMER,AI,6,110.84,665.05
2025-03-03,EMEA,Data Engineering,14,152.35,2132.94
2025-03-03,EMEA,Data Engineering,7,88.95,622.67
2025-03-03,AMER,AI,2,93.67,187.33
2025-03-04,EMEA,Data Engineering,6,92.64,555.82
2025-03-04,EMEA,AI,6,97.56,585.35
2025-03-04,EMEA,Analytics,6,170.33,1021.95
2025-03-04,EMEA,Data Engineering,14,118.0,1652.06
2025-03-04,EMEA,Analytics,4,128.31,513.26
2025-03-04,AMER,Data Engineering,12,113.58,1362.98
2025-03-04,APAC,Data Engineering,7,104.75,733.22
2025-03-04,AMER,Data Engineering,5,94.9,474.48
2025-03-04,AMER,Analytics,8,185.29,1482.32
2025-03-04,AMER,Analytics,18,103.1,1855.88
2025-03-04,EMEA,AI,15,139.68,2095.17
2025-03-05,APAC,Data Engineering,5,126.41,632.07
2025-03-05,AMER,Data Engineering,6,138.17,829.0
2025-03-05,EMEA,AI,16,116.19,1859.01
2025-03-05,AMER,Analytics,16,55.41,886.62
2025-03-05,APAC,Data Engineering,5,108.39,541.93
2025-03-05,APAC,AI,1,113.16,113.16
2025-03-05,EMEA,AI,16,81.87,1309.9
2025-03-05,AMER,Data Engineering,16,124.37,1989.88
2025-03-06,EMEA,Analytics,1,94.97,94.97
2025-03-06,AMER,AI,5,155.42,777.11
2025-03-06,EMEA,AI,6,145.32,871.92
2025-03-06,EMEA,Analytics,15,143.49,2152.38
2025-03-06,APAC,AI,7,81.31,569.15
2025-03-06,EMEA,Analytics,8,110.24,881.9
2025-03-06,APAC,Analytics,18,55.95,1007.02
2025-03-06,APAC,Analytics,15,77.42,1161.31
2025-03-07,APAC,AI,11,85.31,938.45
2025-03-07,APAC,Analytics,15,119.64,1794.63
2025-03-07,EMEA,Data Engineering,13,136.93,1780.05
2025-03-07,EMEA,Data Engineering,16,92.38,1478.11
2025-03-07,EMEA,AI,8,58.88,471.02
2025-03-07,EMEA,Data Engineering,7,96.49,675.46
2025-03-07,APAC,Data Engineering,13,150.98,1962.72
2025-03-07,APAC,Analytics,6,124.03,744.18
2025-03-07,AMER,Data Engineering,12,157.35,1888.26
2025-03-07,AMER,Data Engineering,15,124.94,1874.13
2025-03-07,APAC,Data Engineering,17,92.36,1570.05
2025-03-08,AMER,Data Engineering,16,80.62,1289.93
2025-03-08,APAC,Analytics,15,128.33,1924.9
2025-03-08,EMEA,Analytics,19,116.9,2221.15
2025-03-08,APAC,Analytics,4,122.71,490.84
2025-03-08,APAC,Data Engineering,10,140.14,1401.42
2025-03-08,APAC,Data Engineering,7,64.72,453.01
2025-03-08,AMER,Analytics,16,112.89,1806.27
2025-03-08,AMER,Analytics,5,101.45,507.23
2025-03-08,AMER,Analytics,12,95.1,1141.22
2025-03-09,AMER,Data Engineering,18,89.32,1607.82
2025-03-09,AMER,Analytics,4,98.88,395.51
2025-03-09,AMER,Data Engineering,5,155.16,775.8
2025-03-09,AMER,Analytics,3,154.7,464.09
2025-03-09,AMER,Analytics,4,114.95,459.78
2025-03-09,APAC,AI,7,149.43,1046.03
2025-03-09,AMER,Data Engineering,9,188.39,1695.48
2025-03-09,APAC,Analytics,17,143.94,2446.92
2025-03-09,APAC,AI,2,134.58,269.17
2025-03-09,APAC,Data Engineering,4,161.27,645.07
2025-03-10,EMEA,AI,4,150.49,601.97
2025-03-10,AMER,AI,8,86.92,695.39
2025-03-10,AMER,Analytics,8,128.89,1031.1
2025-03-10,APAC,AI,17,154.51,2626.73
2025-03-10,EMEA,Data Engineering,15,132.21,1983.15
2025-03-10,EMEA,Analytics,7,133.68,935.73
2025-03-10,APAC,AI,6,91.48,548.85
2025-03-10,EMEA,AI,6,88.04,528.22
2025-03-11,APAC,Analytics,14,98.27,1375.84
2025-03-11,APAC,Data Engineering,1,80.23,80.23
2025-03-11,AMER,Analytics,19,109.18,2074.43
2025-03-11,AMER,AI,3,142.57,427.7
2025-03-11,APAC,AI,9,88.01,792.1
2025-03-11,APAC,Data Engineering,16,73.91,1182.51
2025-03-11,APAC,AI,5,94.18,470.91
2025-03-11,APAC,Data Engineering,12,162.34,1948.08
2025-03-12,AMER,Analytics,3,97.74,293.23
2025-03-12,EMEA,Data Engineering,7,97.11,679.77
2025-03-12,EMEA,Data Engineering,5,129.51,647.55
2025-03-12,EMEA,Analytics,8,187.26,1498.09
2025-03-12,APAC,AI,1,142.04,142.04
2025-03-12,EMEA,Data Engineering,3,153.85,461.55
2025-03-12,APAC,Data Engineering,1,101.16,101.16
2025-03-12,APAC,AI,11,120.42,1324.67
2025-03-12,AMER,Data Engineering,2,58.74,117.49
2025-03-12,EMEA,Analytics,16,107.88,1726.11
2025-03-12,EMEA,Analytics,18,83.16,1496.87
2025-03-12,AMER,AI,18,114.6,2062.72
2025-03-12,EMEA,Data Engineering,7,84.51,591.55
2025-03-13,APAC,AI,16,121.93,1950.82
2025-03-13,EMEA,AI,5,150.98,754.9
2025-03-13,EMEA,Analytics,9,87.45,787.01
2025-03-13,AMER,Data Engineering,11,129.29,1422.17
2025-03-13,AMER,AI,4,155.87,623.48
2025-03-13,AMER,Data Engineering,12,141.49,1697.91
2025-03-13,AMER,AI,9,126.99,1142.92
2025-03-13,AMER,Analytics,10,149.71,1497.06
2025-03-13,AMER,Analytics,6,116.81,700.88
2025-03-13,AMER,AI,16,117.29,1876.68
2025-03-13,EMEA,Data Engineering,9,110.72,996.48
2025-03-13,APAC,Analytics,15,98.58,1478.66
2025-03-13,AMER,AI,5,126.2,631.01
2025-03-14,EMEA,AI,4,130.58,522.31
2025-03-14,EMEA,Data Engineering,16,174.05,2784.78
2025-03-14,AMER,Data Engineering,17,129.08,2194.32
2025-03-14,APAC,Analytics,9,119.42,1074.75
2025-03-14,AMER,Analytics,16,137.96,2207.36
2025-03-14,EMEA,Analytics,1,106.83,106.83
2025-03-14,APAC,AI,17,127.98,2175.66
2025-03-14,AMER,Data Engineering,16,162.31,2596.95
2025-03-14,APAC,Analytics,13,112.77,1465.95
2025-03-14,EMEA,AI,17,117.43,1996.34
2025-03-14,EMEA,Analytics,7,123.71,866.0
2025-03-15,EMEA,AI,11,130.24,1432.63
2025-03-15,AMER,Analytics,10,104.92,1049.2
2025-03-15,APAC,Analytics,13,116.45,1513.79
2025-03-15,APAC,Data Engineering,6,180.12,1080.71
2025-03-15,EMEA,AI,1,118.39,118.39
2025-03-15,APAC,Analytics,15,129.69,1945.33
2025-03-15,APAC,Analytics,3,129.18,387.53
2025-03-15,AMER,Data Engineering,17,119.43,2030.33
2025-03-15,EMEA,AI,12,140.82,1689.86
2025-03-15,EMEA,AI,10,174.51,1745.13
2025-03-15,EMEA,Analytics,15,147.73,2215.91
2025-03-15,EMEA,Data Engineering,9,86.64,779.79
2025-03-16,EMEA,Analytics,19,124.12,2358.26
2025-03-16,EMEA,AI,4,99.47,397.86
2025-03-16,AMER,AI,16,97.61,1561.73
2025-03-16,APAC,AI,8,62.08,496.63
2025-03-16,AMER,Data Engineering,10,107.45,1074.55
2025-03-16,EMEA,Analytics,3,115.61,346.82
2025-03-16,AMER,Data Engineering,5,140.9,704.5
2025-03-16,APAC,Analytics,18,131.11,2359.9
2025-03-16,AMER,AI,6,73.39,440.31
2025-03-16,AMER,Data Engineering,6,115.38,692.27
2025-03-16,AMER,Analytics,5,156.55,782.77
2025-03-16,EMEA,Analytics,15,166.42,2496.28
2025-03-17,AMER,AI,8,84.58,676.63
2025-03-17,AMER,AI,11,105.06,1155.62
2025-03-17,EMEA,Data Engineering,10,81.59,815.95
2025-03-17,EMEA,Analytics,2,147.48,294.97
2025-03-17,EMEA,Data Engineering,9,138.87,1249.86
2025-03-17,EMEA,AI,1,109.89,109.89
2025-03-17,EMEA,AI,1,172.42,172.42
2025-03-17,AMER,AI,11,86.9,955.93
2025-03-18,EMEA,Analytics,13,134.38,1746.97
2025-03-18,AMER,AI,16,103.82,1661.13
2025-03-18,EMEA,Data Engineering,3,81.55,244.66
2025-03-18,EMEA,Analytics,2,201.1,402.21
2025-03-18,AMER,AI,1,57.2,57.2
2025-03-18,EMEA,Analytics,12,82.32,987.83
2025-03-18,EMEA,AI,4,109.03,436.12
2025-03-18,EMEA,Data Engineering,12,93.32,1119.88
2025-03-19,APAC,Data Engineering,17,105.02,1785.35
2025-03-19,EMEA,Analytics,5,96.42,482.1
2025-03-19,AMER,Analytics,5,117.86,589.32
2025-03-19,AMER,Analytics,15,108.69,1630.3
2025-03-19,EMEA,Analytics,3,159.31,477.93
2025-03-19,APAC,Analytics,13,127.06,1651.84
2025-03-19,AMER,Data Engineering,6,149.3,895.81
2025-03-19,APAC,AI,3,128.9,386.7
2025-03-20,APAC,Analytics,4,114.32,457.27
2025-03-20,APAC,AI,15,74.14,1112.04
2025-03-20,EMEA,Analytics,12,159.68,1916.12
2025-03-20,APAC,Data Engineering,19,130.52,2479.82
2025-03-20,APAC,AI,9,48.88,439.88
2025-03-20,EMEA,Analytics,16,105.7,1691.21
2025-03-20,EMEA,Data Engineering,8,124.17,993.34
2025-03-20,APAC,Analytics,10,88.8,887.98
2025-03-21,APAC,Data Engineering,1,103.37,103.37
2025-03-21,APAC,Analytics,19,170.07,3231.3
2025-03-21,APAC,Data Engineering,17,135.86,2309.7
2025-03-21,AMER,AI,6,163.7,982.19
2025-03-21,AMER,Data Engineering,17,91.46,1554.79
2025-03-21,APAC,Analytics,1,78.64,78.64
2025-03-21,AMER,Data Engineering,18,163.54,2943.67
2025-03-21,APAC,Data Engineering,14,120.16,1682.23
2025-03-21,EMEA,AI,7,84.32,590.23
2025-03-21,AMER,Analytics,10,68.04,680.38
2025-03-21,APAC,AI,1,100.27,100.27
2025-03-22,EMEA,Analytics,11,176.14,1937.54
2025-03-22,AMER,Analytics,16,166.73,2667.7
2025-03-22,EMEA,AI,6,85.29,511.73
2025-03-22,EMEA,Analytics,7,171.89,1203.23
2025-03-22,APAC,AI,17,151.55,2576.33
2025-03-22,EMEA,Data Engineering,1,180.0,180.0
2025-03-22,EMEA,Analytics,3,82.47,247.42
2025-03-22,AMER,AI,15,144.17,2162.52
2025-03-22,AMER,Analytics,18,53.76,967.7
2025-03-22,EMEA,Data Engineering,10,115.82,1158.17
2025-03-22,AMER,AI,3,119.62,358.86
2025-03-23,APAC,AI,4,118.1,472.41
2025-03-23,EMEA,Data Engineering,14,135.54,1897.6
2025-03-23,APAC,AI,19,120.86,2296.34
2025-03-23,APAC,AI,8,88.38,707.01
2025-03-23,AMER,Data Engineering,6,78.43,470.59
2025-03-23,AMER,AI,7,148.63,1040.43
2025-03-23,EMEA,AI,11,113.21,1245.28
2025-03-23,AMER,AI,13,142.29,1849.79
2025-03-24,EMEA,AI,14,103.28,1445.88
2025-03-24,APAC,Analytics,1,142.91,142.91
2025-03-24,APAC,Analytics,15,107.53,1612.99
2025-03-24,EMEA,Data Engineering,7,35.51,248.56
2025-03-24,EMEA,Data Engineering,15,76.35,1145.24
2025-03-24,APAC,AI,19,104.44,1984.44
2025-03-24,APAC,Analytics,12,112.47,1349.63
2025-03-24,EMEA,Data Engineering,7,158.62,1110.31
2025-03-24,EMEA,Data Engineering,6,167.15,1002.89
2025-03-24,EMEA,Data Engineering,7,154.76,1083.3
2025-03-24,APAC,Analytics,14,91.84,1285.8
2025-03-24,AMER,Data Engineering,12,118.46,1421.58
2025-03-25,AMER,AI,6,134.0,804.01
2025-03-25,AMER,Analytics,4,136.75,546.99
2025-03-25,AMER,Analytics,5,134.63,673.17
2025-03-25,APAC,Data Engineering,11,136.91,1505.97
2025-03-25,AMER,Analytics,4,158.46,633.85
2025-03-25,APAC,Analytics,15,111.58,1673.68
2025-03-25,AMER,AI,13,108.54,1411.06
2025-03-25,EMEA,AI,6,134.83,808.95
2025-03-25,APAC,Data Engineering,10,128.16,1281.58
2025-03-25,AMER,Analytics,15,98.72,1480.76
2025-03-25,APAC,Analytics,16,103.67,1658.71
2025-03-26,APAC,Data Engineering,14,77.57,1085.92
2025-03-26,EMEA,AI,18,93.2,1677.68
2025-03-26,AMER,AI,16,138.75,2220.01
2025-03-26,APAC,AI,14,71.25,997.55
2025-03-26,AMER,AI,17,141.78,2410.24
2025-03-26,APAC,Analytics,1,121.88,121.88
2025-03-26,AMER,Data Engineering,7,162.05,1134.35
2025-03-26,APAC,AI,15,109.77,1646.57
2025-03-26,APAC,AI,2,89.23,178.46
2025-03-26,APAC,AI,14,78.37,1097.18
2025-03-27,EMEA,AI,19,197.07,3744.4
2025-03-27,APAC,AI,14,127.53,1785.46
2025-03-27,AMER,Analytics,18,111.7,2010.58
2025-03-27,AMER,Data Engineering,8,177.92,1423.35
2025-03-27,APAC,AI,3,131.43,394.29
2025-03-27,EMEA,Analytics,17,124.49,2116.25
2025-03-27,APAC,AI,2,124.58,249.16
2025-03-27,AMER,Analytics,12,59.04,708.46
2025-03-27,AMER,AI,7,188.35,1318.44
2025-03-27,AMER,Data Engineering,18,77.75,1399.55
2025-03-27,AMER,Analytics,1,95.64,95.64
2025-03-28,AMER,Data Engineering,15,102.38,1535.76
2025-03-28,AMER,Analytics,1,116.1,116.1
2025-03-28,APAC,Data Engineering,12,115.25,1382.96
2025-03-28,APAC,Analytics,3,98.4,295.21
2025-03-28,EMEA,Data Engineering,15,83.71,1255.62
2025-03-28,EMEA,Data Engineering,16,155.96,2495.43
2025-03-28,APAC,Analytics,2,129.97,259.93
2025-03-28,EMEA,AI,12,151.94,1823.33
2025-03-28,APAC,Analytics,13,163.59,2126.65
2025-03-28,APAC,Data Engineering,9,139.38,1254.46
2025-03-29,APAC,Analytics,6,88.46,530.74
2025-03-29,AMER,Data Engineering,14,108.74,1522.4
2025-03-29,APAC,AI,11,113.57,1249.27
2025-03-29,EMEA,Analytics,5,72.08,360.4
2025-03-29,AMER,Data Engineering,9,178.88,1609.89
2025-03-29,APAC,Data Engineering,7,155.58,1089.04
2025-03-29,APAC,Data Engineering,12,128.48,1541.8
2025-03-29,EMEA,AI,14,90.3,1264.22
2025-03-29,APAC,Analytics,6,88.09,528.56
2025-03-29,APAC,Data Engineering,4,112.1,448.41
2025-03-30,AMER,Data Engineering,12,110.99,1331.89
2025-03-30,EMEA,Analytics,14,99.96,1399.42
2025-03-30,AMER,AI,4,142.48,569.93
2025-03-30,AMER,Data Engineering,11,69.21,761.31
2025-03-30,AMER,AI,11,107.56,1183.19
2025-03-30,EMEA,AI,16,104.6,1673.67
2025-03-30,APAC,AI,2,125.34,250.69
2025-03-30,EMEA,Data Engineering,6,149.9,899.42
2025-03-30,EMEA,Analytics,15,144.94,2174.08
2025-03-30,AMER,AI,1,113.47,113.47
2025-03-30,AMER,Data Engineering,18,108.81,1958.52
2025-03-31,APAC,AI,6,125.25,751.52
2025-03-31,AMER,Analytics,17,25.0,425.0
2025-03-31,APAC,Data Engineering,15,63.11,946.69
2025-03-31,AMER,Analytics,12,128.22,1538.6
2025-03-31,AMER,Analytics,9,114.6,1031.43
2025-03-31,EMEA,Analytics,19,102.49,1947.24
2025-03-31,AMER,Data Engineering,2,155.64,311.29
2025-03-31,APAC,AI,17,112.5,1912.47
2025-03-31,AMER,AI,3,114.89,344.67
2025-03-31,APAC,Analytics,8,127.19,1017.53
2025-03-31,AMER,Data Engineering,13,96.6,1255.82
2025-04-01,APAC,Data Engineering,7,111.27,778.87
2025-04-01,AMER,Data Engineering,6,136.02,816.09
2025-04-01,EMEA,AI,18,190.6,3430.73
2025-04-01,APAC,Analytics,19,114.87,2182.47
2025-04-01,EMEA,Analytics,9,79.96,719.61
2025-04-01,EMEA,Analytics,7,112.8,789.6
2025-04-01,APAC,Data Engineering,14,76.75,1074.5
2025-04-01,APAC,Analytics,13,146.97,1910.58
2025-04-01,APAC,Data Engineering,18,204.87,3687.68
2025-04-01,AMER,Analytics,18,93.85,1689.3
2025-04-02,EMEA,Data Engineering,15,102.15,1532.3
2025-04-02,AMER,AI,5,149.03,745.17
2025-04-02,AMER,Data Engineering,5,126.41,632.04
2025-04-02,AMER,Analytics,6,163.43,980.57
2025-04-02,EMEA,Data Engineering,6,78.34,470.06
2025-04-02,AMER,AI,17,121.77,2070.11
2025-04-02,APAC,AI,7,84.04,588.3
2025-04-02,EMEA,AI,6,112.96,677.76
2025-04-02,AMER,Analytics,8,135.6,1084.79
2025-04-02,EMEA,Analytics,15,145.64,2184.56
2025-04-02,APAC,AI,2,116.64,233.29
2025-04-03,AMER,AI,16,111.86,1789.7
2025-04-03,EMEA,Analytics,17,108.23,1839.87
2025-04-03,AMER,Analytics,15,88.26,1323.84
2025-04-03,AMER,AI,13,132.6,1723.86
2025-04-03,APAC,AI,8,104.58,836.62
2025-04-03,AMER,Analytics,16,84.54,1352.61
2025-04-03,AMER,Data Engineering,2,131.57,263.14
2025-04-03,EMEA,AI,17,129.16,2195.72
2025-04-03,AMER,Data Engineering,18,137.46,2474.2
2025-04-03,AMER,Analytics,8,106.29,850.29
2025-04-03,AMER,Analytics,12,130.35,1564.18
2025-04-04,AMER,Analytics,3,137.57,412.71
2025-04-04,AMER,Data Engineering,1,136.28,136.28
2025-04-04,AMER,AI,10,130.1,1301.02
2025-04-04,APAC,Analytics,15,43.01,645.09
2025-04-04,AMER,AI,9,161.54,1453.87
2025-04-04,APAC,AI,8,96.67,773.39
2025-04-04,APAC,AI,14,120.37,1685.21
2025-04-04,AMER,AI,2,118.42,236.84
2025-04-04,AMER,Data Engineering,1,143.27,143.27
2025-04-04,EMEA,AI,14,141.2,1976.74
2025-04-04,AMER,AI,16,150.57,2409.17
2025-04-04,EMEA,Data Engineering,5,152.48,762.4
2025-04-05,EMEA,Analytics,1,125.37,125.37
2025-04-05,APAC,Analytics,7,96.53,675.69
2025-04-05,EMEA,Data Engineering,12,99.85,1198.2
2025-04-05,APAC,AI,4,120.14,480.54
2025-04-05,APAC,Data Engineering,17,140.65,2390.97
2025-04-05,EMEA,Analytics,6,170.03,1020.18
2025-04-05,APAC,Analytics,17,83.82,1424.94
2025-04-05,AMER,Data Engineering,10,132.55,1325.5
2025-04-05,EMEA,AI,5,98.42,492.12
2025-04-05,EMEA,Data Engineering,19,97.35,1849.71
2025-04-05,APAC,Analytics,5,76.45,382.23
2025-04-05,APAC,Data Engineering,17,117.87,2003.81
2025-04-05,EMEA,AI,1,63.32,63.32
2025-04-06,AMER,Analytics,18,120.98,2177.57
2025-04-06,EMEA,Data Engineering,10,118.25,1182.52
2025-04-06,APAC,AI,17,120.41,2046.9
2025-04-06,APAC,AI,11,153.67,1690.39
2025-04-06,AMER,Data Engineering,11,124.62,1370.83
2025-04-06,AMER,Analytics,4,150.46,601.85
2025-04-06,APAC,Analytics,5,131.28,656.38
2025-04-06,APAC,Analytics,16,157.57,2521.2
2025-04-06,EMEA,Data Engineering,17,57.75,981.68
2025-04-06,AMER,Data Engineering,12,84.87,1018.41
2025-04-06,AMER,Analytics,3,93.48,280.45
2025-04-06,AMER,Analytics,7,124.44,871.11
2025-04-06,EMEA,Analytics,16,136.38,2182.16
2025-04-07,EMEA,Data Engineering,5,88.42,442.1
2025-04-07,APAC,AI,1,109.56,109.56
2025-04-07,EMEA,AI,4,55.76,223.05
2025-04-07,EMEA,Data Engineering,15,62.73,940.93
2025-04-07,AMER,Analytics,11,102.94,1132.32
2025-04-07,EMEA,AI,2,114.36,228.73
2025-04-07,APAC,AI,9,135.78,1222.03
2025-04-07,AMER,Data Engineering,11,104.68,1151.47
2025-04-07,AMER,Analytics,16,180.95,2895.16
2025-04-08,AMER,Data Engineering,11,130.16,1431.78
2025-04-08,AMER,AI,18,105.01,1890.19
2025-04-08,APAC,Data Engineering,13,122.16,1588.04
2025-04-08,APAC,AI,12,134.78,1617.41
2025-04-08,EMEA,Analytics,2,87.48,174.96
2025-04-08,APAC,Data Engineering,16,151.92,2430.67
2025-04-08,APAC,Data Engineering,18,120.5,2168.91
2025-04-08,AMER,Data Engineering,17,96.99,1648.82
2025-04-09,EMEA,Analytics,10,95.63,956.3
2025-04-09,EMEA,Data Engineering,9,141.65,1274.81
2025-04-09,EMEA,Analytics,3,111.05,333.14
2025-04-09,APAC,Data Engineering,8,123.71,989.71
2025-04-09,EMEA,Data Engineering,14,115.19,1612.6
2025-04-09,APAC,AI,5,164.99,824.95
2025-04-09,AMER,AI,13,118.7,1543.12
2025-04-09,EMEA,AI,1,146.51,146.51
2025-04-09,EMEA,Analytics,16,127.3,2036.81
2025-04-09,EMEA,Analytics,10,159.16,1591.64
2025-04-09,EMEA,AI,12,30.25,363.0
2025-04-09,APAC,AI,19,144.55,2746.52
2025-04-10,AMER,Analytics,10,170.73,1707.3
2025-04-10,EMEA,Analytics,14,97.68,1367.59
2025-04-10,APAC,Analytics,9,151.7,1365.33
2025-04-10,AMER,AI,15,130.84,1962.6
2025-04-10,EMEA,Analytics,6,95.44,572.64
2025-04-10,APAC,Analytics,13,72.89,947.51
2025-04-10,AMER,Data Engineering,14,173.08,2423.05
2025-04-10,AMER,AI,12,138.3,1659.62
2025-04-10,EMEA,Data Engineering,7,83.24,582.65
2025-04-10,AMER,Analytics,9,144.01,1296.06
2025-04-10,AMER,Data Engineering,3,85.1,255.29
2025-04-10,AMER,Data Engineering,9,131.1,1179.92
2025-04-10,EMEA,AI,8,132.2,1057.62
2025-04-11,APAC,AI,19,82.53,1568.01
2025-04-11,EMEA,Analytics,11,86.71,953.8
2025-04-11,AMER,Analytics,16,121.05,1936.76
2025-04-11,AMER,Analytics,9,77.44,696.92
2025-04-11,EMEA,Analytics,17,132.94,2260.02
2025-04-11,AMER,Data Engineering,6,83.97,503.8
2025-04-11,EMEA,Data Engineering,3,127.17,381.52
2025-04-11,AMER,Analytics,9,138.5,1246.49
2025-04-11,APAC,Data Engineering,6,144.18,865.09
2025-04-11,EMEA,Data Engineering,7,198.27,1387.91
2025-04-12,AMER,AI,18,136.91,2464.32
2025-04-12,AMER,Data Engineering,14,128.52,1799.32
2025-04-12,EMEA,AI,3,78.24,234.71
2025-04-12,AMER,Analytics,5,164.25,821.23
2025-04-12,APAC,Analytics,7,124.99,874.9
2025-04-12,EMEA,Data Engineering,9,166.16,1495.43
2025-04-12,APAC,AI,6,131.28,787.7
2025-04-12,EMEA,Analytics,16,135.15,2162.4
2025-04-13,EMEA,Analytics,17,135.3,2300.12
2025-04-13,AMER,Data Engineering,16,116.14,1858.16
2025-04-13,EMEA,Analytics,11,148.72,1635.91
2025-04-13,APAC,Data Engineering,19,135.05,2565.99
2025-04-13,APAC,Data Engineering,12,95.26,1143.11
2025-04-13,EMEA,Data Engineering,2,144.29,288.58
2025-04-13,AMER,AI,8,100.7,805.58
2025-04-13,APAC,Data Engineering,15,93.13,1396.92
2025-04-13,EMEA,Analytics,9,88.09,792.81
2025-04-13,AMER,Analytics,2,100.21,200.42
2025-04-13,APAC,Analytics,4,89.98,359.93
2025-04-14,AMER,Data Engineering,2,133.62,267.24
2025-04-14,APAC,Analytics,7,151.33,1059.33
2025-04-14,AMER,Analytics,13,140.1,1821.32
2025-04-14,EMEA,Analytics,11,155.86,1714.48
2025-04-14,APAC,Analytics,1,85.1,85.1
2025-04-14,EMEA,AI,4,96.62,386.48
2025-04-14,APAC,AI,13,122.26,1589.43
2025-04-14,EMEA,Analytics,4,88.84,355.36
2025-04-14,EMEA,Data Engineering,18,105.06,1891.14
2025-04-15,AMER,AI,13,90.21,1172.78
2025-04-15,AMER,AI,18,179.69,3234.5
2025-04-15,AMER,Data Engineering,14,138.18,1934.5
2025-04-15,AMER,Analytics,2,124.79,249.58
2025-04-15,AMER,AI,17,81.77,1390.13
2025-04-15,APAC,AI,14,123.94,1735.11
2025-04-15,APAC,AI,13,137.84,1791.93
2025-04-15,APAC,Data Engineering,3,136.85,410.56
2025-04-16,AMER,Analytics,3,69.18,207.53
2025-04-16,APAC,AI,16,136.35,2181.57
2025-04-16,APAC,Analytics,5,104.19,520.96
2025-04-16,EMEA,Analytics,9,110.08,990.72
2025-04-16,APAC,Data Engineering,8,133.86,1070.85
2025-04-16,AMER,AI,1,101.77,101.77
2025-04-16,EMEA,AI,4,105.59,422.34
2025-04-16,AMER,AI,10,130.69,1306.87
2025-04-16,EMEA,AI,7,126.61,886.29
2025-04-16,APAC,Analytics,5,55.36,276.79
2025-04-17,EMEA,Analytics,9,100.42,903.79
2025-04-17,EMEA,AI,11,86.68,953.53
2025-04-17,AMER,Analytics,17,123.47,2099.04
2025-04-17,APAC,AI,1,113.42,113.42
2025-04-17,AMER,Analytics,9,121.22,1091.0
2025-04-17,EMEA,Analytics,4,154.98,619.94
2025-04-17,EMEA,AI,5,164.94,824.72
2025-04-17,APAC,Data Engineering,3,123.49,370.47
2025-04-17,AMER,Data Engineering,3,113.09,339.27
2025-04-18,EMEA,Analytics,8,114.69,917.54
2025-04-18,APAC,Data Engineering,8,88.71,709.65
2025-04-18,EMEA,Data Engineering,12,141.11,1693.3
2025-04-18,EMEA,Data Engineering,2,152.44,304.88
2025-04-18,AMER,AI,17,172.88,2938.91
2025-04-18,APAC,AI,1,111.67,111.67
2025-04-18,AMER,Analytics,12,98.55,1182.64
2025-04-18,EMEA,Analytics,10,98.32,983.22
2025-04-18,EMEA,Data Engineering,9,149.67,1347.0
2025-04-18,AMER,Data Engineering,15,118.26,1773.9
2025-04-18,APAC,Data Engineering,16,100.32,1605.1
2025-04-18,AMER,Analytics,4,166.87,667.48
2025-04-19,AMER,Analytics,15,76.49,1147.36
2025-04-19,APAC,AI,10,115.87,1158.7
2025-04-19,APAC,AI,10,98.99,989.9
2025-04-19,EMEA,Data Engineering,6,91.14,546.86
2025-04-19,AMER,Data Engineering,15,200.41,3006.15
2025-04-19,APAC,Analytics,4,94.95,379.8
2025-04-19,EMEA,Data Engineering,1,70.65,70.65
2025-04-19,APAC,AI,14,97.85,1369.94
2025-04-19,AMER,Data Engineering,18,96.28,1733.11
2025-04-20,APAC,Analytics,12,118.01,1416.11
2025-04-20,EMEA,Analytics,18,154.03,2772.5
2025-04-20,EMEA,AI,6,127.71,766.28
2025-04-20,APAC,AI,8,59.75,478.01
2025-04-20,APAC,Data Engineering,14,161.93,2267.08
2025-04-20,EMEA,AI,15,142.88,2143.14
2025-04-20,APAC,Data Engineering,3,100.11,300.33
2025-04-20,AMER,Analytics,14,130.28,1823.97
2025-04-20,AMER,Analytics,13,136.7,1777.04
2025-04-21,AMER,Analytics,6,171.48,1028.88
2025-04-21,EMEA,Analytics,4,120.31,481.26
2025-04-21,APAC,Data Engineering,6,117.36,704.17
2025-04-21,AMER,Data Engineering,13,87.9,1142.71
2025-04-21,APAC,AI,4,156.61,626.44
2025-04-21,EMEA,Data Engineering,7,140.44,983.07
2025-04-21,EMEA,Analytics,18,114.15,2054.68
2025-04-21,EMEA,AI,11,138.36,1522.0
2025-04-21,APAC,Data Engineering,17,146.44,2489.41
2025-04-21,APAC,AI,13,141.41,1838.35
2025-04-22,EMEA,Data Engineering,16,117.12,1873.93
2025-04-22,AMER,Analytics,10,132.04,1320.42
2025-04-22,EMEA,Analytics,8,97.78,782.21
2025-04-22,EMEA,Analytics,18,101.45,1826.17
2025-04-22,AMER,Data Engineering,2,38.78,77.57
2025-04-22,AMER,AI,6,70.49,422.94
2025-04-22,AMER,Analytics,19,42.35,804.61
2025-04-22,APAC,Data Engineering,18,147.49,2654.83
2025-04-22,EMEA,Data Engineering,8,208.47,1667.77
2025-04-22,APAC,Data Engineering,15,93.08,1396.24
2025-04-23,EMEA,Data Engineering,7,111.78,782.49
2025-04-23,EMEA,Analytics,1,86.57,86.57
2025-04-23,EMEA,Data Engineering,10,79.75,797.46
2025-04-23,APAC,Analytics,3,130.22,390.67
2025-04-23,AMER,Analytics,11,96.74,1064.14
2025-04-23,AMER,Analytics,13,122.3,1589.93
2025-04-23,EMEA,Analytics,18,98.86,1779.48
2025-04-23,APAC,AI,1,118.69,118.69
2025-04-23,AMER,Analytics,5,104.84,524.21
2025-04-23,EMEA,Analytics,3,137.34,412.02
2025-04-23,APAC,Data Engineering,5,158.72,793.58
2025-04-24,EMEA,Analytics,4,131.66,526.64
2025-04-24,APAC,Analytics,12,163.9,1966.85
2025-04-24,EMEA,Data Engineering,12,99.37,1192.45
2025-04-24,APAC,Analytics,14,129.24,1809.39
2025-04-24,EMEA,Data Engineering,4,108.37,433.49
2025-04-24,APAC,Data Engineering,8,106.16,849.32
2025-04-24,AMER,Data Engineering,16,83.73,1339.64
2025-04-24,EMEA,Data Engineering,2,97.68,195.37
2025-04-24,AMER,Analytics,6,120.46,722.77
2025-04-24,EMEA,Analytics,19,117.38,2230.16
2025-04-24,EMEA,Data Engineering,15,131.0,1965.03
2025-04-24,APAC,Analytics,17,181.29,3082.0
2025-04-25,AMER,AI,9,124.27,1118.42
2025-04-25,EMEA,AI,13,153.04,1989.57
2025-04-25,EMEA,AI,9,151.63,1364.71
2025-04-25,AMER,Analytics,10,133.99,1339.85
2025-04-25,APAC,Data Engineering,2,84.81,169.63
2025-04-25,AMER,AI,3,77.48,232.45
2025-04-25,AMER,Analytics,8,109.14,873.09
2025-04-25,APAC,AI,18,71.92,1294.56
2025-04-25,AMER,Data Engineering,1,118.56,118.56
2025-04-26,AMER,AI,11,138.03,1518.37
2025-04-26,EMEA,Data Engineering,2,95.16,190.33
2025-04-26,AMER,Data Engineering,17,103.58,1760.93
2025-04-26,EMEA,Analytics,6,76.36,458.16
2025-04-26,APAC,Data Engineering,19,180.47,3429.02
2025-04-26,APAC,Analytics,10,128.26,1282.57
2025-04-26,AMER,AI,5,133.92,669.61
2025-04-26,APAC,AI,17,96.44,1639.48
2025-04-26,APAC,AI,14,101.75,1424.44
2025-04-26,AMER,Analytics,12,138.71,1664.58
2025-04-26,AMER,AI,5,147.99,739.94
2025-04-26,APAC,AI,12,77.88,934.61
2025-04-27,EMEA,Data Engineering,15,78.3,1174.46
2025-04-27,APAC,Analytics,9,117.06,1053.51
2025-04-27,EMEA,AI,13,161.78,2103.12
2025-04-27,EMEA,Analytics,7,146.52,1025.61
2025-04-27,APAC,Analytics,18,119.43,2149.75
2025-04-27,AMER,AI,16,174.87,2797.85
2025-04-27,AMER,Analytics,6,114.41,686.48
2025-04-27,EMEA,Data Engineering,6,124.78,748.65
2025-04-27,EMEA,Analytics,17,121.47,2064.99
2025-04-28,APAC,Analytics,14,115.75,1620.55
2025-04-28,APAC,Data Engineering,8,84.83,678.6
2025-04-28,APAC,Data Engineering,16,78.49,1255.82
2025-04-28,EMEA,Data Engineering,9,97.55,877.96
2025-04-28,AMER,Analytics,7,127.52,892.63
2025-04-28,APAC,Data Engineering,6,102.74,616.47
2025-04-28,APAC,Data Engineering,18,52.87,951.69
2025-04-28,EMEA,Analytics,12,133.05,1596.59
2025-04-28,EMEA,Analytics,10,184.77,1847.67
2025-04-28,EMEA,Data Engineering,6,182.37,1094.22
2025-04-28,AMER,Data Engineering,8,134.28,1074.23
2025-04-28,EMEA,Analytics,1,155.39,155.39
2025-04-28,AMER,Data Engineering,11,125.29,1378.17
2025-04-29,EMEA,AI,10,89.94,899.39
2025-04-29,AMER,Data Engineering,1,129.92,129.92
2025-04-29,APAC,AI,9,91.32,821.9
2025-04-29,APAC,Data Engineering,13,132.71,1725.21
2025-04-29,EMEA,Analytics,5,182.25,911.23
2025-04-29,AMER,AI,17,215.8,3668.65
2025-04-29,AMER,AI,10,105.03,1050.29
2025-04-29,EMEA,Analytics,5,115.35,576.73
2025-04-29,EMEA,Data Engineering,3,125.35,376.04
2025-04-29,APAC,AI,15,78.61,1179.11
2025-04-29,EMEA,AI,17,141.72,2409.27
2025-04-30,EMEA,Analytics,3,109.69,329.06
2025-04-30,AMER,AI,7,122.74,859.16
2025-04-30,APAC,Analytics,1,140.84,140.84
2025-04-30,AMER,AI,17,150.27,2554.55
2025-04-30,APAC,Analytics,19,79.27,1506.14
2025-04-30,AMER,AI,5,160.49,802.46
2025-04-30,AMER,Analytics,16,106.96,1711.37
2025-04-30,APAC,Data Engineering,10,120.74,1207.44
2025-04-30,APAC,Analytics,9,184.93,1664.37
2025-04-30,APAC,Data Engineering,6,101.83,610.96
2025-04-30,APAC,Data Engineering,10,111.74,1117.41
2025-04-30,EMEA,Analytics,13,141.59,1840.69
2025-04-30,APAC,Data Engineering,6,121.55,729.31
2025-05-01,APAC,AI,7,159.05,1113.35
2025-05-01,APAC,AI,16,194.29,3108.65
2025-05-01,AMER,Data Engineering,3,146.49,439.47
2025-05-01,EMEA,AI,6,78.37,470.21
2025-05-01,AMER,Analytics,17,130.3,2215.12
2025-05-01,AMER,AI,18,150.1,2701.88
2025-05-01,AMER,Data Engineering,8,120.81,966.45
2025-05-01,EMEA,Analytics,13,136.53,1774.9
2025-05-01,EMEA,Data Engineering,7,133.5,934.5
2025-05-01,AMER,Analytics,15,77.65,1164.8
2025-05-01,AMER,Analytics,12,133.41,1600.92
2025-05-02,EMEA,AI,13,145.94,1897.26
2025-05-02,AMER,Analytics,5,149.83,749.17
2025-05-02,APAC,AI,16,123.89,1982.29
2025-05-02,APAC,Data Engineering,7,134.23,939.6
2025-05-02,EMEA,Analytics,4,179.18,716.71
2025-05-02,AMER,AI,9,113.91,1025.2
2025-05-02,AMER,Data Engineering,17,132.54,2253.11
2025-05-02,AMER,AI,1,169.84,169.84
2025-05-02,EMEA,Analytics,1,113.35,113.35
2025-05-02,APAC,Analytics,12,117.31,1407.78
2025-05-02,AMER,Analytics,18,119.09,2143.56
2025-05-03,EMEA,Data Engineering,13,145.07,1885.86
2025-05-03,EMEA,AI,1,126.26,126.26
2025-05-03,EMEA,AI,13,98.68,1282.88
2025-05-03,EMEA,AI,4,198.63,794.53
2025-05-03,APAC,Analytics,17,99.23,1686.84
2025-05-03,AMER,AI,19,155.67,2957.67
2025-05-03,AMER,AI,6,175.35,1052.07
2025-05-03,AMER,Analytics,9,93.34,840.09
2025-05-03,EMEA,Data Engineering,16,131.99,2111.8
2025-05-03,APAC,AI,1,119.35,119.35
2025-05-03,APAC,AI,7,130.41,912.88
2025-05-03,APAC,Analytics,10,146.97,1469.72
2025-05-03,AMER,Data Engineering,14,172.75,2418.55
2025-05-04,AMER,Analytics,11,94.37,1038.06
2025-05-04,EMEA,Analytics,8,88.59,708.74
2025-05-04,AMER,Analytics,10,58.56,585.63
2025-05-04,AMER,Analytics,8,74.94,599.49
2025-05-04,APAC,AI,6,91.44,548.65
2025-05-04,APAC,Data Engineering,12,99.19,1190.25
2025-05-04,EMEA,Data Engineering,12,119.64,1435.68
2025-05-04,EMEA,Analytics,10,155.04,1550.39
2025-05-04,AMER,Analytics,15,100.36,1505.39
2025-05-04,EMEA,Data Engineering,9,114.7,1032.34
2025-05-04,EMEA,Analytics,8,139.4,1115.17
2025-05-04,EMEA,AI,17,133.84,2275.31
2025-05-04,APAC,Analytics,4,100.92,403.68
2025-05-05,EMEA,Analytics,18,106.32,1913.78
2025-05-05,EMEA,AI,6,110.28,661.66
2025-05-05,EMEA,AI,10,106.46,1064.62
2025-05-05,APAC,AI,2,96.78,193.56
2025-05-05,APAC,AI,19,127.76,2427.39
2025-05-05,AMER,Analytics,3,117.69,353.06
2025-05-05,APAC,Data Engineering,6,107.29,643.75
2025-05-05,EMEA,Analytics,7,157.38,1101.68
2025-05-06,AMER,Data Engineering,16,67.8,1084.79
2025-05-06,APAC,Analytics,2,120.53,241.06
2025-05-06,EMEA,AI,7,78.99,552.95
2025-05-06,APAC,Data Engineering,18,159.69,2874.44
2025-05-06,AMER,Data Engineering,15,150.92,2263.79
2025-05-06,APAC,Analytics,11,86.69,953.57
2025-05-06,EMEA,Analytics,16,89.26,1428.09
2025-05-06,APAC,Data Engineering,12,128.19,1538.3
2025-05-07,APAC,Data Engineering,12,99.42,1193.05
2025-05-07,AMER,Data Engineering,9,129.48,1165.3
2025-05-07,AMER,Analytics,3,59.66,178.98
2025-05-07,APAC,Analytics,18,86.5,1557.02
2025-05-07,APAC,AI,4,95.95,383.8
2025-05-07,EMEA,Data Engineering,11,166.99,1836.94
2025-05-07,AMER,Data Engineering,2,113.15,226.3
2025-05-07,EMEA,Data Engineering,16,107.14,1714.2
2025-05-07,APAC,Data Engineering,14,66.62,932.61
2025-05-08,EMEA,AI,5,117.48,587.41
2025-05-08,EMEA,Data Engineering,1,109.79,109.79
2025-05-08,APAC,AI,16,116.18,1858.89
2025-05-08,AMER,Data Engineering,8,123.22,985.8
2025-05-08,AMER,AI,19,119.74,2275.05
2025-05-08,APAC,Data Engineering,10,118.46,1184.56
2025-05-08,EMEA,Data Engineering,19,88.5,1681.5
2025-05-08,APAC,AI,6,98.6,591.57
2025-05-08,AMER,Data Engineering,17,135.75,2307.77
2025-05-08,APAC,AI,19,170.69,3243.11
2025-05-08,EMEA,Analytics,4,152.0,608.01
2025-05-08,EMEA,Data Engineering,17,101.88,1732.03
2025-05-08,AMER,Analytics,6,117.07,702.43
2025-05-09,AMER,Analytics,14,116.94,1637.15
2025-05-09,APAC,AI,11,192.05,2112.54
2025-05-09,APAC,Data Engineering,11,139.76,1537.37
2025-05-09,APAC,AI,17,83.91,1426.55
2025-05-09,APAC,Data Engineering,2,133.37,266.74
2025-05-09,EMEA,Data Engineering,10,150.4,1503.96
2025-05-09,EMEA,Data Engineering,11,87.05,957.5
2025-05-09,AMER,AI,10,126.61,1266.1
2025-05-09,APAC,AI,12,95.24,1142.88
2025-05-09,APAC,AI,17,184.56,3137.56
2025-05-09,EMEA,Analytics,17,112.98,1920.58
2025-05-09,APAC,Data Engineering,18,133.05,2394.9
2025-05-10,EMEA,AI,1,123.78,123.78
2025-05-10,APAC,Data Engineering,19,98.58,1873.02
2025-05-10,EMEA,AI,18,123.89,2230.0
2025-05-10,EMEA,Data Engineering,1,150.69,150.69
2025-05-10,EMEA,Data Engineering,7,138.28,967.98
2025-05-10,AMER,Data Engineering,15,122.15,1832.29
2025-05-10,AMER,Data Engineering,2,59.41,118.82
2025-05-10,APAC,AI,1,156.2,156.2
2025-05-10,EMEA,Analytics,16,89.89,1438.18
2025-05-10,APAC,AI,4,126.0,504.01
2025-05-10,APAC,Analytics,5,123.42,617.09
2025-05-10,EMEA,AI,1,109.88,109.88
2025-05-10,AMER,Data Engineering,6,114.47,686.83
2025-05-11,EMEA,Data Engineering,15,120.21,1803.09
2025-05-11,EMEA,AI,18,176.97,3185.41
2025-05-11,EMEA,AI,11,125.83,1384.17
2025-05-11,EMEA,Analytics,17,163.92,2786.68
2025-05-11,AMER,Data Engineering,7,92.61,648.24
2025-05-11,EMEA,AI,11,178.69,1965.54
2025-05-11,APAC,Data Engineering,5,130.84,654.2
2025-05-11,APAC,Data Engineering,14,100.66,1409.28
2025-05-11,AMER,Data Engineering,8,168.89,1351.08
2025-05-11,APAC,Data Engineering,6,149.17,895.04
2025-05-11,APAC,Data Engineering,2,109.95,219.9
2025-05-11,APAC,Analytics,10,114.04,1140.44
2025-05-12,APAC,Data Engineering,15,108.73,1630.96
2025-05-12,APAC,Data Engineering,4,164.2,656.81
2025-05-12,APAC,Analytics,11,91.91,1011.04
2025-05-12,AMER,AI,17,108.98,1852.68
2025-05-12,APAC,Data Engineering,8,116.75,933.99
2025-05-12,AMER,Data Engineering,10,105.61,1056.13
2025-05-12,APAC,AI,10,130.02,1300.17
2025-05-12,APAC,AI,12,111.31,1335.73
2025-05-12,APAC,Analytics,18,131.2,2361.64
2025-05-13,APAC,AI,16,132.18,2114.94
2025-05-13,EMEA,Data Engineering,7,135.2,946.37
2025-05-13,APAC,Analytics,13,118.77,1544.01
2025-05-13,EMEA,AI,2,146.48,292.95
2025-05-13,AMER,AI,3,75.69,227.07
2025-05-13,APAC,Analytics,7,130.45,913.13
2025-05-13,EMEA,AI,3,81.38,244.15
2025-05-13,AMER,AI,16,103.98,1663.6
2025-05-13,EMEA,Analytics,3,95.93,287.78
2025-05-13,APAC,Data Engineering,6,57.81,346.85
2025-05-13,APAC,Analytics,4,133.12,532.48
2025-05-13,EMEA,Analytics,17,147.42,2506.17
2025-05-13,APAC,AI,12,130.39,1564.63
2025-05-14,AMER,Data Engineering,7,129.46,906.23
2025-05-14,AMER,AI,14,120.07,1680.92
2025-05-14,AMER,Analytics,1,146.85,146.85
2025-05-14,APAC,Analytics,19,108.97,2070.39
2025-05-14,EMEA,Analytics,17,92.85,1578.51
2025-05-14,APAC,AI,8,106.91,855.32
2025-05-14,EMEA,Analytics,11,137.73,1515.03
2025-05-14,EMEA,AI,2,108.82,217.64
2025-05-14,APAC,Analytics,15,74.48,1117.15
2025-05-14,EMEA,AI,8,178.53,1428.26
2025-05-14,AMER,AI,6,115.6,693.6
2025-05-14,APAC,Data Engineering,16,119.02,1904.32
2025-05-14,APAC,Analytics,6,130.25,781.49
2025-05-15,APAC,Data Engineering,5,72.52,362.59
2025-05-15,EMEA,Data Engineering,7,71.59,501.13
2025-05-15,EMEA,Analytics,2,141.09,282.19
2025-05-15,EMEA,AI,16,85.0,1360.0
2025-05-15,AMER,AI,12,94.37,1132.47
2025-05-15,APAC,Analytics,11,139.34,1532.71
2025-05-15,APAC,Analytics,3,56.62,169.86
2025-05-15,AMER,AI,11,124.93,1374.24
2025-05-15,EMEA,AI,13,99.26,1290.34
2025-05-16,EMEA,Data Engineering,15,123.7,1855.45
2025-05-16,AMER,Analytics,10,101.39,1013.87
2025-05-16,APAC,Data Engineering,8,82.22,657.77
2025-05-16,AMER,Analytics,3,156.03,468.09
2025-05-16,APAC,AI,9,116.05,1044.49
2025-05-16,AMER,Analytics,6,78.23,469.4
2025-05-16,APAC,AI,19,129.83,2466.7
2025-05-16,APAC,Analytics,6,141.15,846.92
2025-05-16,AMER,Analytics,15,113.86,1707.84
2025-05-16,APAC,Data Engineering,5,140.14,700.7
2025-05-16,EMEA,Analytics,1,124.62,124.62
2025-05-16,AMER,Analytics,11,112.15,1233.67
2025-05-16,EMEA,Data Engineering,13,56.94,740.2
2025-05-17,EMEA,AI,17,109.75,1865.82
2025-05-17,EMEA,Analytics,9,119.46,1075.15
2025-05-17,EMEA,AI,4,138.4,553.6
2025-05-17,APAC,Analytics,8,108.81,870.51
2025-05-17,EMEA,AI,6,103.89,623.31
2025-05-17,EMEA,AI,14,131.42,1839.84
2025-05-17,AMER,AI,4,124.23,496.94
2025-05-17,EMEA,Data Engineering,2,135.96,271.92
2025-05-17,AMER,AI,14,75.51,1057.18
2025-05-18,APAC,AI,8,118.91,951.25
2025-05-18,AMER,Analytics,3,121.52,364.56
2025-05-18,AMER,Data Engineering,8,101.26,810.08
2025-05-18,APAC,AI,19,147.23,2797.34
2025-05-18,APAC,Analytics,3,70.18,210.55
2025-05-18,APAC,Data Engineering,6,145.4,872.41
2025-05-18,APAC,Data Engineering,5,94.66,473.28
2025-05-18,EMEA,Data Engineering,3,147.4,442.19
2025-05-18,EMEA,Data Engineering,13,86.97,1130.58
2025-05-18,EMEA,AI,7,114.17,799.18
2025-05-19,EMEA,Data Engineering,2,82.34,164.69
2025-05-19,AMER,AI,13,134.38,1746.9
2025-05-19,APAC,Data Engineering,4,135.4,541.59
2025-05-19,AMER,AI,7,153.89,1077.23
2025-05-19,APAC,AI,10,135.49,1354.94
2025-05-19,EMEA,Analytics,11,145.05,1595.51
2025-05-19,AMER,Data Engineering,18,122.85,2211.27
2025-05-19,EMEA,Analytics,15,103.84,1557.61
2025-05-19,APAC,AI,8,162.52,1300.17
2025-05-19,EMEA,Data Engineering,1,163.55,163.55
2025-05-19,APAC,Data Engineering,7,182.21,1275.46
2025-05-19,APAC,Data Engineering,12,149.53,1794.36
2025-05-19,APAC,Data Engineering,10,76.96,769.58
2025-05-20,AMER,Data Engineering,6,164.59,987.54
2025-05-20,EMEA,AI,19,135.06,2566.12
2025-05-20,EMEA,AI,4,182.88,731.52
2025-05-20,AMER,AI,19,112.87,2144.51
2025-05-20,EMEA,Analytics,18,111.15,2000.77
2025-05-20,EMEA,Data Engineering,13,43.66,567.63
2025-05-20,APAC,AI,6,119.13,714.79
2025-05-20,APAC,AI,7,105.59,739.15
2025-05-20,EMEA,AI,14,83.23,1165.18
2025-05-20,EMEA,Analytics,11,163.09,1793.97
2025-05-20,APAC,Analytics,8,84.73,677.86
2025-05-21,EMEA,AI,14,134.85,1887.95
2025-05-21,APAC,Data Engineering,6,100.88,605.3
2025-05-21,AMER,Analytics,17,147.61,2509.33
2025-05-21,EMEA,Analytics,15,154.32,2314.81
2025-05-21,AMER,Data Engineering,13,152.31,1980.09
2025-05-21,EMEA,Data Engineering,6,172.33,1033.99
2025-05-21,EMEA,Analytics,2,143.28,286.56
2025-05-21,APAC,Analytics,7,139.32,975.23
2025-05-21,EMEA,Data Engineering,2,161.76,323.53
2025-05-21,APAC,AI,15,126.08,1891.25
2025-05-21,EMEA,Data Engineering,9,120.57,1085.11
2025-05-21,EMEA,Data Engineering,13,149.74,1946.58
2025-05-21,EMEA,Data Engineering,5,135.37,676.84
2025-05-22,EMEA,Data Engineering,7,89.14,623.95
2025-05-22,EMEA,AI,8,106.81,854.44
2025-05-22,APAC,Data Engineering,2,95.84,191.68
2025-05-22,EMEA,Analytics,3,50.72,152.15
2025-05-22,APAC,Analytics,4,132.97,531.87
2025-05-22,AMER,Data Engineering,13,96.13,1249.68
2025-05-22,EMEA,AI,9,120.21,1081.85
2025-05-22,EMEA,AI,4,73.35,293.41
2025-05-22,EMEA,Analytics,16,149.67,2394.68
2025-05-23,APAC,Analytics,7,136.87,958.1
2025-05-23,EMEA,Data Engineering,17,154.18,2621.12
2025-05-23,EMEA,AI,13,88.08,1145.05
2025-05-23,AMER,Analytics,9,92.14,829.27
2025-05-23,AMER,Data Engineering,8,126.95,1015.59
2025-05-23,APAC,AI,5,152.5,762.49
2025-05-23,APAC,Analytics,11,84.47,929.12
2025-05-23,EMEA,Analytics,8,107.56,860.46
2025-05-23,APAC,Data Engineering,18,133.04,2394.71
2025-05-23,APAC,AI,19,104.82,1991.61
2025-05-23,APAC,AI,3,125.63,376.9
2025-05-23,AMER,AI,14,118.29,1656.06
2025-05-24,AMER,Analytics,1,112.5,112.5
2025-05-24,APAC,AI,4,139.97,559.87
2025-05-24,AMER,AI,12,97.74,1172.82
2025-05-24,EMEA,Data Engineering,10,94.58,945.83
2025-05-24,EMEA,Data Engineering,5,138.68,693.4
2025-05-24,AMER,Data Engineering,1,130.71,130.71
2025-05-24,AMER,Analytics,17,151.34,2572.71
2025-05-24,EMEA,AI,11,115.01,1265.09
2025-05-24,EMEA,Data Engineering,4,133.25,533.0
2025-05-24,APAC,AI,14,110.43,1546.02
2025-05-24,AMER,AI,17,122.79,2087.49
2025-05-25,APAC,Analytics,17,139.34,2368.78
2025-05-25,APAC,Analytics,2,72.28,144.57
2025-05-25,AMER,Analytics,1,105.99,105.99
2025-05-25,AMER,AI,9,147.62,1328.55
2025-05-25,APAC,Data Engineering,13,124.85,1623.04
2025-05-25,EMEA,Data Engineering,6,117.58,705.5
2025-05-25,AMER,Data Engineering,13,82.34,1070.46
2025-05-25,EMEA,Data Engineering,17,144.58,2457.9
2025-05-25,APAC,Analytics,9,127.05,1143.46
2025-05-26,APAC,Analytics,11,115.54,1270.99
2025-05-26,APAC,AI,11,126.15,1387.69
2025-05-26,AMER,AI,15,121.25,1818.79
2025-05-26,EMEA,AI,17,119.25,2027.21
2025-05-26,AMER,AI,12,155.9,1870.79
2025-05-26,EMEA,Data Engineering,8,121.59,972.71
2025-05-26,AMER,AI,15,138.39,2075.78
2025-05-26,APAC,Analytics,4,147.99,591.98
2025-05-26,APAC,Data Engineering,14,89.64,1254.92
2025-05-26,AMER,Analytics,17,78.83,1340.11
2025-05-26,EMEA,Analytics,11,126.56,1392.13
2025-05-26,APAC,Analytics,5,157.77,788.87
2025-05-27,EMEA,AI,14,131.54,1841.53
2025-05-27,EMEA,AI,15,77.23,1158.47
2025-05-27,APAC,AI,4,116.76,467.02
2025-05-27,AMER,Data Engineering,5,116.18,580.9
2025-05-27,APAC,Analytics,7,162.35,1136.46
2025-05-27,AMER,AI,18,107.87,1941.65
2025-05-27,AMER,Data Engineering,14,129.55,1813.71
2025-05-27,AMER,Analytics,3,169.56,508.69
2025-05-27,AMER,Data Engineering,13,91.02,1183.25
2025-05-27,EMEA,Analytics,17,122.42,2081.21
2025-05-27,APAC,AI,16,106.86,1709.83
2025-05-27,EMEA,AI,16,115.7,1851.16
2025-05-28,EMEA,AI,18,175.09,3151.63
2025-05-28,AMER,AI,2,169.12,338.23
2025-05-28,AMER,AI,5,145.07,725.37
2025-05-28,AMER,AI,4,128.46,513.84
2025-05-28,APAC,Analytics,6,89.33,535.97
2025-05-28,APAC,AI,5,113.6,567.99
2025-05-28,EMEA,Data Engineering,15,105.63,1584.5
2025-05-28,AMER,Data Engineering,11,149.45,1643.91
2025-05-28,AMER,Analytics,2,99.46,198.92
2025-05-29,AMER,AI,9,90.85,817.64
2025-05-29,APAC,AI,5,132.19,660.94
2025-05-29,APAC,AI,5,147.35,736.74
2025-05-29,APAC,Data Engineering,7,146.35,1024.47
2025-05-29,AMER,Data Engineering,1,159.75,159.75
2025-05-29,EMEA,Data Engineering,3,113.6,340.81
2025-05-29,AMER,Data Engineering,9,154.48,1390.28
2025-05-29,EMEA,Analytics,5,147.52,737.62
2025-05-29,AMER,Data Engineering,16,66.37,1061.9
2025-05-29,EMEA,AI,5,121.76,608.81
2025-05-29,APAC,Analytics,18,152.01,2736.16
2025-05-30,AMER,AI,5,186.2,931.01
2025-05-30,AMER,Data Engineering,6,120.51,723.09
2025-05-30,APAC,AI,14,120.69,1689.59
2025-05-30,APAC,Data Engineering,7,125.83,880.82
2025-05-30,EMEA,Data Engineering,8,129.47,1035.74
2025-05-30,EMEA,Analytics,17,163.65,2782.08
2025-05-30,AMER,AI,11,46.6,512.55
2025-05-30,APAC,Data Engineering,18,142.66,2567.84
2025-05-30,AMER,AI,8,85.75,685.97
2025-05-30,EMEA,Analytics,12,88.06,1056.68
2025-05-30,AMER,Analytics,4,156.73,626.92
2025-05-31,EMEA,Analytics,9,103.53,931.81
2025-05-31,APAC,Data Engineering,10,130.91,1309.11
2025-05-31,EMEA,Analytics,16,117.15,1874.34
2025-05-31,APAC,AI,10,96.29,962.91
2025-05-31,APAC,AI,6,146.77,880.61
2025-05-31,AMER,Data Engineering,13,128.78,1674.13
2025-05-31,EMEA,AI,4,94.34,377.38
2025-05-31,AMER,Analytics,11,190.19,2092.14
2025-06-01,APAC,Data Engineering,6,151.97,911.83
2025-06-01,EMEA,AI,3,80.3,240.91
2025-06-01,AMER,Data Engineering,1,150.6,150.6
2025-06-01,AMER,Analytics,3,151.35,454.05
2025-06-01,AMER,Data Engineering,6,125.04,750.24
2025-06-01,AMER,Analytics,14,116.11,1625.53
2025-06-01,EMEA,AI,1,152.09,152.09
2025-06-01,AMER,Data Engineering,3,105.77,317.31
2025-06-01,APAC,AI,2,114.88,229.76
2025-06-01,EMEA,AI,10,120.14,1201.37
2025-06-01,APAC,Data Engineering,1,113.99,113.99
2025-06-01,EMEA,Data Engineering,2,120.12,240.24
2025-06-01,EMEA,Data Engineering,5,121.28,606.4
2025-06-02,APAC,Analytics,18,117.19,2109.41
2025-06-02,EMEA,Analytics,17,73.1,1242.65
2025-06-02,AMER,Analytics,10,134.23,1342.32
2025-06-02,APAC,Analytics,19,159.03,3021.61
2025-06-02,AMER,Data Engineering,6,119.4,716.42
2025-06-02,APAC,Analytics,5,105.98,529.92
2025-06-02,AMER,AI,11,126.62,1392.84
2025-06-02,AMER,AI,2,138.91,277.83
2025-06-02,AMER,Analytics,11,128.94,1418.29
2025-06-02,EMEA,Analytics,15,89.07,1336.12
2025-06-02,EMEA,AI,8,132.5,1060.01
2025-06-02,APAC,AI,14,113.4,1587.59
2025-06-03,EMEA,AI,18,97.22,1750.03
2025-06-03,AMER,Data Engineering,6,127.97,767.79
2025-06-03,EMEA,Analytics,6,173.93,1043.59
2025-06-03,APAC,AI,13,138.97,1806.56
2025-06-03,EMEA,AI,2,148.75,297.5
2025-06-03,EMEA,Data Engineering,5,107.32,536.58
2025-06-03,EMEA,Analytics,14,129.91,1818.78
2025-06-03,APAC,AI,4,59.28,237.11
2025-06-03,EMEA,AI,13,160.05,2080.61
2025-06-03,EMEA,Data Engineering,6,94.55,567.28
2025-06-03,APAC,Analytics,10,141.77,1417.7
2025-06-03,APAC,Analytics,6,148.82,892.92
2025-06-04,AMER,AI,14,128.78,1802.97
2025-06-04,EMEA,Data Engineering,15,101.48,1522.2
2025-06-04,APAC,AI,5,151.01,755.05
2025-06-04,AMER,Analytics,15,180.54,2708.13
2025-06-04,APAC,Data Engineering,5,136.38,681.89
2025-06-04,APAC,Analytics,12,136.04,1632.54
2025-06-04,APAC,AI,4,141.95,567.79
2025-06-04,EMEA,Analytics,5,132.77,663.86
2025-06-04,EMEA,Analytics,10,79.64,796.44
2025-06-05,APAC,Analytics,11,100.35,1103.87
2025-06-05,EMEA,Analytics,2,172.2,344.4
2025-06-05,APAC,Analytics,7,143.1,1001.71
2025-06-05,EMEA,AI,14,144.33,2020.64
2025-06-05,AMER,Data Engineering,10,130.46,1304.63
2025-06-05,APAC,Data Engineering,7,167.13,1169.93
2025-06-05,APAC,Data Engineering,10,95.23,952.33
2025-06-05,APAC,Analytics,19,137.39,2610.35
2025-06-05,EMEA,AI,14,147.7,2067.79
2025-06-05,EMEA,AI,4,115.65,462.59
2025-06-05,APAC,AI,7,172.98,1210.83
2025-06-06,APAC,Data Engineering,19,132.91,2525.2
2025-06-06,APAC,Analytics,1,130.21,130.21
2025-06-06,APAC,AI,17,75.47,1282.99
2025-06-06,APAC,Data Engineering,11,115.98,1275.76
2025-06-06,EMEA,AI,12,130.4,1564.75
2025-06-06,APAC,Analytics,9,121.32,1091.89
2025-06-06,AMER,AI,14,154.97,2169.64
2025-06-06,AMER,Data Engineering,10,143.25,1432.5
2025-06-06,AMER,AI,10,81.57,815.74
2025-06-06,EMEA,AI,14,150.44,2106.22
2025-06-06,APAC,Data Engineering,8,121.47,971.78
2025-06-06,AMER,AI,15,145.69,2185.32
2025-06-07,APAC,Data Engineering,8,57.8,462.41
2025-06-07,EMEA,Analytics,19,78.35,1488.7
2025-06-07,EMEA,AI,1,117.63,117.63
2025-06-07,EMEA,Data Engineering,3,141.71,425.12
2025-06-07,APAC,Analytics,8,82.69,661.49
2025-06-07,APAC,Data Engineering,10,49.44,494.37
2025-06-07,APAC,Data Engineering,9,134.5,1210.51
2025-06-07,EMEA,Data Engineering,11,120.07,1320.72
2025-06-07,EMEA,Analytics,3,93.02,279.06
2025-06-07,APAC,AI,14,127.58,1786.05
2025-06-07,EMEA,Data Engineering,16,109.7,1755.21
2025-06-07,APAC,Analytics,3,131.88,395.63
2025-06-07,AMER,AI,2,126.9,253.81
2025-06-08,AMER,Analytics,5,147.09,735.45
2025-06-08,AMER,Analytics,8,121.49,971.91
2025-06-08,APAC,Data Engineering,3,91.92,275.76
2025-06-08,EMEA,AI,1,72.21,72.21
2025-06-08,EMEA,Analytics,19,132.66,2520.52
2025-06-08,EMEA,Analytics,4,109.22,436.87
2025-06-08,EMEA,Data Engineering,16,138.77,2220.31
2025-06-08,APAC,Analytics,4,109.4,437.62
2025-06-08,EMEA,AI,16,125.12,2001.94
2025-06-08,EMEA,AI,17,59.62,1013.53
2025-06-08,AMER,AI,14,93.69,1311.73
2025-06-08,EMEA,Analytics,16,136.98,2191.68
2025-06-09,EMEA,Analytics,3,142.82,428.47
2025-06-09,EMEA,Analytics,19,124.2,2359.77
2025-06-09,EMEA,Analytics,4,108.46,433.82
2025-06-09,AMER,Analytics,15,115.71,1735.61
2025-06-09,APAC,Data Engineering,16,105.46,1687.38
2025-06-09,APAC,Data Engineering,1,89.34,89.34
2025-06-09,EMEA,Data Engineering,3,102.82,308.46
2025-06-09,APAC,Analytics,14,143.86,2013.97
2025-06-09,AMER,Data Engineering,13,62.48,812.29
2025-06-09,EMEA,Data Engineering,19,96.49,1833.37
2025-06-10,EMEA,Analytics,4,83.87,335.47
2025-06-10,AMER,Analytics,17,86.65,1473.13
2025-06-10,EMEA,AI,9,85.46,769.15
2025-06-10,APAC,Analytics,11,125.86,1384.5
2025-06-10,EMEA,AI,19,98.66,1874.52
2025-06-10,EMEA,AI,2,104.88,209.75
2025-06-10,APAC,Analytics,17,128.22,2179.74
2025-06-10,AMER,Data Engineering,19,102.35,1944.71
2025-06-10,APAC,Analytics,1,100.27,100.27
2025-06-10,APAC,AI,4,86.83,347.33
2025-06-10,APAC,Data Engineering,18,115.1,2071.88
2025-06-10,AMER,Analytics,5,157.71,788.56
2025-06-10,AMER,Data Engineering,7,119.12,833.81
2025-06-11,EMEA,Analytics,12,112.61,1351.27
2025-06-11,EMEA,Analytics,2,105.51,211.02
2025-06-11,AMER,AI,15,101.28,1519.19
2025-06-11,AMER,AI,13,88.34,1148.45
2025-06-11,EMEA,AI,10,87.07,870.74
2025-06-11,AMER,AI,17,105.05,1785.91
2025-06-11,AMER,Analytics,9,121.85,1096.61
2025-06-11,APAC,Data Engineering,3,104.54,313.62
2025-06-11,APAC,Analytics,12,124.22,1490.61
2025-06-12,EMEA,Data Engineering,1,124.5,124.5
2025-06-12,AMER,Data Engineering,1,141.72,141.72
2025-06-12,APAC,Analytics,13,128.51,1670.6
2025-06-12,AMER,AI,1,130.3,130.3
2025-06-12,APAC,Data Engineering,6,107.23,643.36
2025-06-12,EMEA,Analytics,12,116.97,1403.66
2025-06-12,EMEA,Analytics,4,107.52,430.07
2025-06-12,EMEA,Data Engineering,5,92.19,460.96
2025-06-12,AMER,AI,15,112.36,1685.37
2025-06-13,APAC,Data Engineering,12,113.83,1366.0
2025-06-13,AMER,AI,10,163.21,1632.14
2025-06-13,AMER,AI,9,89.57,806.16
2025-06-13,APAC,AI,1,120.32,120.32
2025-06-13,APAC,AI,19,118.22,2246.27
2025-06-13,APAC,Data Engineering,16,128.03,2048.48
2025-06-13,APAC,Data Engineering,8,68.94,551.49
2025-06-13,AMER,AI,11,71.16,782.71
2025-06-13,EMEA,Analytics,2,130.58,261.15
2025-06-13,APAC,AI,13,126.55,1645.11
2025-06-14,EMEA,Analytics,18,76.46,1376.34
2025-06-14,AMER,Analytics,3,78.41,235.23
2025-06-14,AMER,Analytics,11,158.3,1741.26
2025-06-14,AMER,AI,8,100.17,801.36
2025-06-14,EMEA,Analytics,8,138.22,1105.74
2025-06-14,AMER,Data Engineering,15,154.01,2310.18
2025-06-14,AMER,Analytics,6,128.27,769.63
2025-06-14,AMER,Analytics,3,85.1,255.3
2025-06-14,APAC,AI,4,124.6,498.41
2025-06-14,APAC,Analytics,5,89.35,446.75
2025-06-14,AMER,Data Engineering,16,126.78,2028.41
2025-06-14,APAC,Analytics,7,72.78,509.48
2025-06-14,AMER,Analytics,2,114.45,228.89
2025-06-15,APAC,Data Engineering,4,142.54,570.17
2025-06-15,AMER,AI,12,104.37,1252.45
2025-06-15,APAC,Analytics,9,103.77,933.92
2025-06-15,AMER,Analytics,14,141.98,1987.7
2025-06-15,APAC,AI,1,140.9,140.9
2025-06-15,AMER,Data Engineering,13,115.55,1502.11
2025-06-15,APAC,AI,5,141.11,705.54
2025-06-15,AMER,Analytics,5,98.25,491.24
2025-06-15,APAC,Analytics,9,133.89,1204.97
2025-06-15,APAC,Data Engineering,1,82.04,82.04
2025-06-15,EMEA,Data Engineering,12,134.73,1616.81
2025-06-16,AMER,Data Engineering,14,108.28,1515.89
2025-06-16,AMER,Analytics,17,153.06,2602.05
2025-06-16,APAC,AI,7,134.01,938.05
2025-06-16,APAC,Data Engineering,10,130.46,1304.59
2025-06-16,APAC,AI,2,101.0,201.99
2025-06-16,EMEA,AI,5,75.99,379.95
2025-06-16,APAC,Analytics,4,116.65,466.61
2025-06-16,EMEA,Data Engineering,11,118.84,1307.28
2025-06-17,APAC,Analytics,9,142.2,1279.81
2025-06-17,APAC,Data Engineering,17,115.34,1960.85
2025-06-17,AMER,Analytics,7,130.73,915.11
2025-06-17,EMEA,Data Engineering,13,170.97,2222.58
2025-06-17,APAC,Data Engineering,12,95.63,1147.56
2025-06-17,AMER,AI,6,179.84,1079.03
2025-06-17,EMEA,Data Engineering,19,175.51,3334.63
2025-06-17,EMEA,Data Engineering,18,126.96,2285.29
2025-06-17,APAC,Data Engineering,18,127.85,2301.39
2025-06-17,APAC,Data Engineering,2,135.95,271.89
2025-06-18,EMEA,Data Engineering,16,110.09,1761.41
2025-06-18,AMER,Data Engineering,18,93.62,1685.13
2025-06-18,EMEA,Analytics,14,119.56,1673.86
2025-06-18,EMEA,AI,13,149.91,1948.77
2025-06-18,AMER,AI,7,102.01,714.04
2025-06-18,AMER,Data Engineering,3,86.02,258.06
2025-06-18,EMEA,Data Engineering,15,190.16,2852.47
2025-06-18,APAC,Data Engineering,5,73.07,365.37
2025-06-18,EMEA,AI,17,82.74,1406.52
2025-06-18,AMER,Data Engineering,19,119.38,2268.21
2025-06-19,APAC,AI,14,72.59,1016.29
2025-06-19,EMEA,AI,11,76.74,844.17
2025-06-19,EMEA,Data Engineering,18,97.05,1746.87
2025-06-19,EMEA,AI,15,148.54,2228.16
2025-06-19,AMER,Analytics,15,118.93,1783.95
2025-06-19,APAC,Data Engineering,7,62.86,439.99
2025-06-19,APAC,AI,15,81.24,1218.64
2025-06-19,AMER,AI,12,106.61,1279.33
2025-06-19,APAC,Data Engineering,12,48.46,581.52
2025-06-19,EMEA,AI,11,176.98,1946.78
2025-06-20,EMEA,Analytics,19,121.28,2304.39
2025-06-20,EMEA,Analytics,17,139.58,2372.89
2025-06-20,AMER,AI,7,96.29,674.0
2025-06-20,APAC,Data Engineering,16,65.73,1051.63
2025-06-20,AMER,Analytics,18,166.78,3002.01
2025-06-20,APAC,Analytics,9,173.18,1558.62
2025-06-20,EMEA,AI,12,93.93,1127.12
2025-06-20,APAC,Data Engineering,1,107.01,107.01
2025-06-20,AMER,AI,3,128.19,384.56
2025-06-20,APAC,Analytics,9,163.25,1469.29
2025-06-20,APAC,Data Engineering,15,113.42,1701.36
2025-06-21,AMER,AI,13,147.93,1923.06
2025-06-21,APAC,Data Engineering,6,130.06,780.33
2025-06-21,AMER,AI,7,121.42,849.96
2025-06-21,APAC,AI,12,100.11,1201.3
2025-06-21,AMER,AI,6,42.17,253.05
2025-06-21,AMER,Data Engineering,19,126.26,2399.03
2025-06-21,AMER,AI,2,128.83,257.65
2025-06-21,EMEA,Analytics,19,134.1,2547.86
2025-06-22,APAC,Analytics,14,145.75,2040.45
2025-06-22,APAC,Analytics,2,105.56,211.13
2025-06-22,APAC,AI,9,59.52,535.64
2025-06-22,AMER,AI,8,119.68,957.47
2025-06-22,EMEA,Analytics,14,109.6,1534.35
2025-06-22,AMER,Analytics,11,169.97,1869.68
2025-06-22,EMEA,AI,17,156.67,2663.47
2025-06-22,AMER,AI,6,138.91,833.45
2025-06-22,AMER,AI,3,120.72,362.17
2025-06-23,APAC,Analytics,18,101.08,1819.46
2025-06-23,EMEA,Data Engineering,4,117.57,470.26
2025-06-23,APAC,Data Engineering,4,170.42,681.66
2025-06-23,EMEA,Data Engineering,8,104.94,839.54
2025-06-23,EMEA,Analytics,7,135.59,949.14
2025-06-23,APAC,Analytics,9,109.69,987.17
2025-06-23,APAC,Data Engineering,6,126.9,761.41
2025-06-23,AMER,Analytics,9,68.2,613.82
2025-06-23,AMER,Analytics,14,104.79,1467.1
2025-06-23,EMEA,AI,16,46.83,749.24
2025-06-23,AMER,Data Engineering,7,158.74,1111.19
2025-06-24,EMEA,Analytics,1,85.39,85.39
2025-06-24,AMER,Data Engineering,2,106.11,212.22
2025-06-24,EMEA,AI,4,153.64,614.56
2025-06-24,EMEA,Analytics,19,135.05,2566.04
2025-06-24,APAC,Data Engineering,12,113.48,1361.73
2025-06-24,APAC,Analytics,9,131.32,1181.86
2025-06-24,EMEA,AI,14,103.37,1447.12
2025-06-24,EMEA,Data Engineering,2,146.57,293.14
2025-06-24,AMER,Analytics,3,72.32,216.95
2025-06-25,EMEA,AI,8,105.87,846.98
2025-06-25,AMER,Data Engineering,7,160.48,1123.39
2025-06-25,EMEA,Analytics,10,141.85,1418.47
2025-06-25,APAC,AI,7,78.26,547.85
2025-06-25,AMER,Analytics,7,85.56,598.9
2025-06-25,EMEA,Data Engineering,1,88.36,88.36
2025-06-25,EMEA,Analytics,10,140.98,1409.76
2025-06-25,APAC,Data Engineering,5,78.53,392.64
2025-06-25,AMER,Data Engineering,1,164.77,164.77
2025-06-25,APAC,AI,6,99.29,595.77
2025-06-26,APAC,Data Engineering,7,149.06,1043.42
2025-06-26,EMEA,Data Engineering,9,137.31,1235.8
2025-06-26,APAC,AI,3,128.45,385.34
2025-06-26,EMEA,Analytics,8,151.18,1209.4
2025-06-26,EMEA,Data Engineering,15,113.2,1698.04
2025-06-26,AMER,AI,12,121.24,1454.93
2025-06-26,APAC,Data Engineering,9,150.47,1354.19
2025-06-26,AMER,AI,3,129.38,388.14
2025-06-26,EMEA,AI,17,164.95,2804.14
2025-06-26,APAC,AI,18,150.73,2713.08
2025-06-26,APAC,Analytics,8,101.9,815.23
2025-06-27,APAC,AI,18,131.93,2374.77
2025-06-27,AMER,Data Engineering,10,126.61,1266.13
2025-06-27,AMER,Data Engineering,17,129.46,2200.79
2025-06-27,APAC,AI,13,162.98,2118.72
2025-06-27,APAC,AI,5,104.67,523.35
2025-06-27,AMER,AI,11,172.43,1896.74
2025-06-27,AMER,Analytics,7,105.78,740.47
2025-06-27,EMEA,Data Engineering,4,93.39,373.57
2025-06-27,AMER,Data Engineering,8,109.58,876.66
2025-06-27,EMEA,Data Engineering,18,114.58,2062.37
2025-06-27,APAC,Analytics,15,150.43,2256.44
2025-06-28,AMER,Analytics,8,125.18,1001.42
2025-06-28,APAC,AI,8,79.65,637.21
2025-06-28,AMER,Data Engineering,16,97.96,1567.36
2025-06-28,AMER,AI,15,142.65,2139.75
2025-06-28,AMER,Data Engineering,18,84.94,1528.9
2025-06-28,APAC,Data Engineering,5,60.47,302.37
2025-06-28,EMEA,Data Engineering,18,138.42,2491.55
2025-06-28,AMER,Data Engineering,8,80.66,645.25
2025-06-28,AMER,AI,9,135.74,1221.62
2025-06-29,APAC,Analytics,2,76.64,153.28
2025-06-29,APAC,Data Engineering,11,132.35,1455.84
2025-06-29,EMEA,AI,2,86.11,172.23
2025-06-29,AMER,Data Engineering,11,83.45,918.0
2025-06-29,EMEA,Analytics,15,54.04,810.54
2025-06-29,AMER,Data Engineering,16,145.71,2331.38
2025-06-29,APAC,Data Engineering,10,95.36,953.56
2025-06-29,APAC,Analytics,15,102.35,1535.28
2025-06-29,AMER,Data Engineering,9,124.57,1121.14
